,geometry,elevation[km],speed_limit[km/s],is_stop,is_signal,point_distances[km],cumulative_distance[km],latitude,longitude,ridership changes
0,POINT (-122.299629 47.5836449),0.07348372586123601,0.011176,True,False,0.011039703049549465,0.011039703049549465,-122.299629,47.5836449,
1,POINT (-122.29948185714285 47.58364435714286),0.0731063577611964,0.011176,False,False,0.01103970316403288,0.022079406213582346,-122.29948185714285,47.58364435714286,0.0
2,POINT (-122.2993347142857 47.583643814285715),0.07354396932108424,0.011176,False,False,0.01103970327659959,0.03311910949018194,-122.2993347142857,47.583643814285715,0.0
3,POINT (-122.29918757142856 47.58364327142857),0.0746642108019138,0.011176,False,False,0.011039703391075266,0.044158812881257205,-122.29918757142856,47.58364327142857,0.0
4,POINT (-122.29904042857143 47.583642728571434),0.07633473246469924,0.011176,False,False,0.011039703507467644,0.05519851638872485,-122.29904042857143,47.583642728571434,0.0
5,POINT (-122.29889328571429 47.58364218571429),0.07842318457045505,0.011176,False,False,0.011039703621947184,0.06623822001067203,-122.29889328571429,47.58364218571429,0.0
6,POINT (-122.29874614285714 47.583641642857145),0.08065500171367969,0.011176,False,False,0.01103970373451776,0.0772779237451898,-122.29874614285714,47.583641642857145,0.0
7,POINT (-122.298599 47.5836411),0.08321855254273346,0.011176,False,False,0.003976377518326808,0.0812543012635166,-122.298599,47.5836411,0.0
8,POINT (-122.298546 47.5836411),0.08589992179959557,0.011176,False,False,0.005176793371799381,0.08643109463531598,-122.298546,47.5836411,0.0
9,POINT (-122.298477 47.5836411),0.08841858009747447,0.011176,False,False,0.004067569405603703,0.09049866404091968,-122.298477,47.5836411,0.0
10,POINT (-122.298424 47.5836334),0.0904933644185814,0.011176,False,False,0.005247164370556962,0.09574582841147664,-122.298424,47.5836334,0.0
11,POINT (-122.298355 47.5836411),0.09202358007542212,0.011176,False,False,0.006302183235980927,0.10204801164745757,-122.298355,47.5836411,0.0
12,POINT (-122.298271 47.5836411),0.09316528039323174,0.011176,False,True,0.009153170890125495,0.11120118253758306,-122.298271,47.5836411,0.0
13,POINT (-122.298149 47.5836411),0.09424825222842373,0.011176,False,False,0.011454818992151505,0.12265600152973456,-122.298149,47.5836411,0.0
14,POINT (-122.298149 47.583744083333336),0.09513708083501815,0.011176,False,False,0.011454818992151505,0.13411082052188605,-122.298149,47.583744083333336,0.0
15,POINT (-122.298149 47.58384706666667),0.0959272117347987,0.011176,False,False,0.01145481899144396,0.14556563951333001,-122.298149,47.58384706666667,0.0
16,POINT (-122.298149 47.58395005),0.09661090479141655,0.011176,False,False,0.011454818992151505,0.15702045850548152,-122.298149,47.58395005,0.0
17,POINT (-122.298149 47.58405303333333),0.09743195070920319,0.011176,False,False,0.011454818992151505,0.16847527749763302,-122.298149,47.58405303333333,0.0
18,POINT (-122.298149 47.58415601666667),0.09831881635617017,0.011176,False,False,0.01145481899285905,0.17993009649049208,-122.298149,47.58415601666667,0.0
19,POINT (-122.298149 47.584259),0.0992120569224683,0.011176,True,False,0.012941591095501082,0.19287168758599316,-122.298149,47.584259,0.0
20,POINT (-122.298149 47.58437535),0.1000835183594891,0.011176,False,False,0.012941591096208627,0.20581327868220178,-122.298149,47.58437535,0.0
21,POINT (-122.298149 47.5844917),0.100995381495336,0.011176,False,False,0.010990083720860307,0.21680336240306208,-122.298149,47.5844917,0.0
22,POINT (-122.2981475 47.5845905),0.10185570670174583,0.011176,False,False,0.010990083718665762,0.22779344612172783,-122.2981475,47.5845905,0.0
23,POINT (-122.298146 47.5846893),0.10268701666274023,0.011176,False,False,0.01099008371578326,0.23878352983751108,-122.298146,47.5846893,0.0
24,POINT (-122.29814449999999 47.5847881),0.1035358894543773,0.011176,False,False,0.01099008371433532,0.2497736135518464,-122.29814449999999,47.5847881,0.0
25,POINT (-122.298143 47.5848869),0.1043342928941992,0.011176,False,False,0.010990083712140778,0.2607636972639872,-122.298143,47.5848869,0.0
26,POINT (-122.2981415 47.5849857),0.10512377164969663,0.011176,False,False,0.010990083709965785,0.271753780973953,-122.2981415,47.5849857,0.0
27,POINT (-122.29814 47.5850845),0.10597374467471851,0.011176,False,False,0.010990083707083285,0.28274386468103624,-122.29814,47.5850845,0.0
28,POINT (-122.29813850000001 47.5851833),0.1067435669798954,0.011176,False,False,0.010990083706342855,0.2937339483873791,-122.29813850000001,47.5851833,0.0
29,POINT (-122.298137 47.5852821),0.10744342670574086,0.011176,False,False,0.010990083702733302,0.3047240320901124,-122.298137,47.5852821,0.0
30,POINT (-122.2981355 47.5853809),0.10806921959367974,0.011176,False,False,0.010990083701265817,0.3157141157913782,-122.2981355,47.5853809,0.0
31,POINT (-122.298134 47.5854797),0.10870631449594952,0.011176,False,False,0.0001,0.3158141157913782,-122.298134,47.5854797,0.0
32,POINT (-122.298134 47.5854797),0.10931759054899802,0.011176,False,False,0.010513902508028352,0.32632801829940655,-122.298134,47.5854797,0.0
33,POINT (-122.29813311111111 47.58557422222222),0.10994387539950316,0.011176,False,False,0.010513902507984185,0.3368419208073907,-122.29813311111111,47.58557422222222,0.0
34,POINT (-122.29813222222222 47.58566874444445),0.11063384990203107,0.011176,False,False,0.01051390250579321,0.34735582331318393,-122.29813222222222,47.58566874444445,0.0
35,POINT (-122.29813133333333 47.58576326666667),0.11135175682725916,0.011176,False,False,0.01051390250574904,0.35786972581893295,-122.29813133333333,47.58576326666667,0.0
36,POINT (-122.29813044444444 47.58585778888889),0.11214027669768821,0.011176,False,False,0.010513902505680657,0.36838362832461363,-122.29813044444444,47.58585778888889,0.0
37,POINT (-122.29812955555556 47.585952311111114),0.11299269456129842,0.011176,False,False,0.01051390250350179,0.37889753082811545,-122.29812955555556,47.585952311111114,0.0
38,POINT (-122.29812866666667 47.586046833333334),0.11375935657207817,0.011176,False,False,0.010513902503457621,0.3894114333315731,-122.29812866666667,47.586046833333334,0.0
39,POINT (-122.29812777777778 47.586141355555554),0.11452428455841882,0.011176,False,False,0.010513902503389239,0.3999253358349623,-122.29812777777778,47.586141355555554,0.0
40,POINT (-122.29812688888889 47.58623587777778),0.11527386455046859,0.011176,False,False,0.01051390250122248,0.4104392383361848,-122.29812688888889,47.58623587777778,0.0
41,POINT (-122.298126 47.5863304),0.1160706352642925,0.011176,False,False,0.010607618428863264,0.42104685676504805,-122.298126,47.5863304,0.0
42,POINT (-122.298126 47.586425766666665),0.11683892048655724,0.011176,False,False,0.010607618429570809,0.43165447519461886,-122.298126,47.586425766666665,0.0
43,POINT (-122.298126 47.586521133333335),0.11753211290408436,0.011176,False,False,0.010607618428863264,0.4422620936234821,-122.298126,47.586521133333335,0.0
44,POINT (-122.298126 47.586616500000005),0.11814401175759089,0.011176,False,False,0.010607618428863264,0.4528697120523454,-122.298126,47.586616500000005,0.0
45,POINT (-122.298126 47.58671186666667),0.11861205067667958,0.011176,False,False,0.010607618428863264,0.46347733048120865,-122.298126,47.58671186666667,0.0
46,POINT (-122.298126 47.58680723333333),0.11889581875034176,0.011176,False,False,0.010607618429570809,0.47408494891077946,-122.298126,47.58680723333333,0.0
47,POINT (-122.298126 47.5869026),0.11895676614187846,0.011176,False,False,0.0001,0.47418494891077945,-122.298126,47.5869026,0.0
48,POINT (-122.298126 47.5869026),0.1188006742072831,0.011176,False,False,0.010730116242450525,0.48491506515322996,-122.298126,47.5869026,0.0
49,POINT (-122.29812385714285 47.58699905714286),0.1184895035714817,0.011176,False,False,0.010730116237304589,0.49564518139053454,-122.29812385714285,47.58699905714286,0.0
50,POINT (-122.29812171428571 47.587095514285714),0.1180527484422522,0.011176,False,False,0.010730116233573589,0.5063752976241082,-122.29812171428571,47.587095514285714,0.0
51,POINT (-122.29811957142857 47.587191971428574),0.11751260557374783,0.011176,False,False,0.010730116228427657,0.5171054138525358,-122.29811957142857,47.587191971428574,0.0
52,POINT (-122.29811742857143 47.587288428571426),0.11702035707415985,0.011176,False,False,0.010730116224696657,0.5278355300772325,-122.29811742857143,47.587288428571426,0.0
53,POINT (-122.29811528571429 47.587384885714286),0.11645838563647887,0.011176,False,False,0.010730116219550728,0.5385656462967833,-122.29811528571429,47.587384885714286,0.0
54,POINT (-122.29811314285715 47.58748134285714),0.11589305143200741,0.011176,False,False,0.010730116215819731,0.549295762512603,-122.29811314285715,47.58748134285714,0.0
55,POINT (-122.298111 47.5875778),0.11540607930785877,0.011176,False,False,0.0001,0.549395762512603,-122.298111,47.5875778,0.0
56,POINT (-122.298111 47.5875778),0.11496427650718452,0.011176,False,False,0.019943509098244716,0.5693392716108477,-122.298111,47.5875778,0.0
57,POINT (-122.298111 47.5877571),0.11459384823956996,0.011176,False,False,0.01531325859113339,0.5846525302019812,-122.298111,47.5877571,0.0
58,POINT (-122.298096 47.5878944),0.11437365957406881,0.011176,False,False,0.009343305990729855,0.593995836192711,-122.298096,47.5878944,0.0
59,POINT (-122.298096 47.5879784),0.11441211647087077,0.011176,True,False,0.0012680200998689275,0.5952638562925799,-122.298096,47.5879784,0.0
60,POINT (-122.298096 47.5879898),0.11467139650002538,0.011176,False,False,0.010678997966699112,0.6059428542592791,-122.298096,47.5879898,0.0
61,POINT (-122.29808 47.5880852),0.11533729329142572,0.011176,False,False,0.011932524903936596,0.6178753791632157,-122.29808,47.5880852,0.0
62,POINT (-122.298065 47.588192),0.11676442985267944,0.011176,False,False,0.013690330224573246,0.6315657093877889,-122.298065,47.588192,0.0
63,POINT (-122.298042 47.5883141),0.11900350050492763,0.011176,False,True,0.011511803764063236,0.6430775131518521,-122.298042,47.5883141,0.0
64,POINT (-122.298027 47.5884171),0.12195870567979834,0.011176,False,False,0.01678374598020803,0.6598612591320602,-122.298027,47.5884171,0.0
65,POINT (-122.297989 47.5885658),0.12550843659870042,0.011176,False,False,0.019523076961091245,0.6793843360931514,-122.297989,47.5885658,0.0
66,POINT (-122.297935 47.5887375),0.1296356052496499,0.011176,False,False,0.017988158461259528,0.697372494554411,-122.297935,47.5887375,0.0
67,POINT (-122.297874 47.5888939),0.13352611956118476,0.011176,False,False,0.012450268282083798,0.7098227628364948,-122.297874,47.5888939,0.0
68,POINT (-122.29783866666666 47.589003266666666),0.1371102855655702,0.011176,False,False,0.012450267103163177,0.722273029939658,-122.29783866666666,47.589003266666666,0.0
69,POINT (-122.29780333333333 47.589112633333336),0.1403082805357896,0.011176,False,False,0.012450265923672965,0.734723295863331,-122.29780333333333,47.589112633333336,0.0
70,POINT (-122.297768 47.589222),0.14321261066712468,0.011176,False,False,0.0001,0.734823295863331,-122.297768,47.589222,0.0
71,POINT (-122.297768 47.589222),0.1454831166656428,0.011176,False,False,0.01217694172722489,0.7470002375905559,-122.297768,47.589222,0.0
72,POINT (-122.29773233333334 47.5893288),0.14757348771528814,0.011176,False,False,0.012176940528908164,0.7591771781194641,-122.29773233333334,47.5893288,0.0
73,POINT (-122.29769666666667 47.5894356),0.14974675873443014,0.011176,False,False,0.012176939327830712,0.7713541174472948,-122.29769666666667,47.5894356,0.0
74,POINT (-122.297661 47.5895424),0.15196495187755002,0.011176,False,False,0.0001,0.7714541174472948,-122.297661,47.5895424,0.0
75,POINT (-122.297661 47.5895424),0.1541686618333657,0.011176,False,False,0.018273685116024282,0.789727802563319,-122.297661,47.5895424,0.0
76,POINT (-122.297607 47.5897026),0.15636293460161305,0.011176,False,False,0.015228068829671567,0.8049558713929905,-122.297607,47.5897026,0.0
77,POINT (-122.297562 47.5898361),0.15802667574226764,0.011176,False,False,0.014949087039204159,0.8199049584321947,-122.297562,47.5898361,0.0
78,POINT (-122.297539 47.5899696),0.1593924391597584,0.011176,True,False,0.004823379558753991,0.8247283379909487,-122.297539,47.5899696,0.0
79,POINT (-122.297523 47.5900116),0.160592882347552,0.011176,False,False,0.006045321272435684,0.8307736592633844,-122.297523,47.5900116,0.0
80,POINT (-122.297508 47.590065),0.16171574142207124,0.011176,False,False,0.00981954236462956,0.840593201628014,-122.297508,47.590065,0.0
81,POINT (-122.297493 47.5901527),0.16226534511326118,0.011176,False,False,0.011943594175673485,0.8525367958036875,-122.297493,47.5901527,0.0
82,POINT (-122.297478 47.5902596),0.16285532043030257,0.011176,False,True,0.010617177765909461,0.8631539735695969,-122.297478,47.5902596,0.0
83,POINT (-122.29747 47.5903549),0.1635321879709244,0.011176,False,False,0.013627698011735651,0.8767816715813326,-122.29747,47.5903549,0.0
84,POINT (-122.297455 47.590477),0.16423209208597436,0.011176,False,False,0.012774348467315639,0.8895560200486482,-122.297455,47.590477,0.0
85,POINT (-122.29744 47.5905914),0.1647877317486392,0.011176,False,False,0.018675488999083334,0.9082315090477315,-122.29744,47.5905914,0.0
86,POINT (-122.29744 47.5907593),0.16517261812792558,0.011176,False,False,0.011879346188345075,0.9201108552360766,-122.29744,47.5907593,0.0
87,POINT (-122.29744 47.5908661),0.16534931821311868,0.011176,False,False,0.014470325574368628,0.9345811808104453,-122.29744,47.5908661,0.0
88,POINT (-122.297455 47.5909958),0.16523234696821776,0.011176,False,False,0.01061132608989124,0.9451925069003365,-122.297455,47.5909958,0.0
89,POINT (-122.297455 47.5910912),0.16497152549903749,0.011176,False,False,0.009399775504002434,0.9545922824043389,-122.297455,47.5910912,0.0
90,POINT (-122.29747 47.5911751),0.16445058581656827,0.011176,False,False,0.01189449498677825,0.9664867773911172,-122.29747,47.5911751,0.0
91,POINT (-122.297478 47.5912819),0.16368676565743867,0.011176,False,False,0.006461082241498217,0.9729478596326154,-122.297478,47.5912819,0.0
92,POINT (-122.297493 47.5913391),0.16284252111617264,0.011176,False,False,0.011511797407397977,0.9844596570400134,-122.297493,47.5913391,0.0
93,POINT (-122.297508 47.5914421),0.16197957086451997,0.011176,False,False,0.0162951108845669,1.0007547679245803,-122.297508,47.5914421,0.0
94,POINT (-122.297539 47.5915871),0.1612670919778468,0.011176,False,False,0.012461595857191945,1.0132163637817722,-122.297539,47.5915871,0.0
95,POINT (-122.29756549999999 47.5916977),0.16034287569628491,0.011176,False,False,0.012461595186934652,1.0256779589687068,-122.29756549999999,47.5916977,0.0
96,POINT (-122.297592 47.5918083),0.1595583069630163,0.011176,False,False,0.012599789496431486,1.0382777484651384,-122.297592,47.5918083,0.0
97,POINT (-122.29761099999999 47.591920849999994),0.1594887912634652,0.011176,False,False,0.012599789150398106,1.0508775376155366,-122.29761099999999,47.591920849999994,0.0
98,POINT (-122.29763 47.5920334),0.16083464999965905,0.011176,False,True,0.013766684552528186,1.0646442221680648,-122.29763,47.5920334,0.0
99,POINT (-122.29781349999999 47.5920315),0.1635032968232131,0.011176,False,False,0.013766685052213724,1.0784109072202785,-122.29781349999999,47.5920315,0.0
100,POINT (-122.297997 47.5920296),0.16702740684811662,0.011176,False,False,0.012309549058843234,1.0907204562791217,-122.297997,47.5920296,0.0
101,POINT (-122.298161 47.5920334),0.17096540640450913,0.011176,False,False,0.012309548166074418,1.1030300044451962,-122.298161,47.5920334,0.0
102,POINT (-122.298325 47.5920372),0.17479048971251784,0.011176,False,False,0.006301172365324812,1.109331176810521,-122.298325,47.5920372,0.0
103,POINT (-122.298409 47.5920372),0.17820748748423673,0.011176,False,False,0.006240488639626614,1.1155716654501475,-122.298409,47.5920372,0.0
104,POINT (-122.298492 47.592041),0.18083079258489776,0.011176,False,False,0.003045228749397944,1.1186168941995456,-122.298492,47.592041,0.0
105,POINT (-122.298531 47.5920486),0.18231880209329301,0.011176,False,False,0.0036098565493905012,1.122226750748936,-122.298531,47.5920486,0.0
106,POINT (-122.298576 47.5920601),0.1832674510395616,0.011176,False,False,0.003045227723818315,1.1252719784727543,-122.298576,47.5920601,0.0
107,POINT (-122.298615 47.5920677),0.1841884023670833,0.011176,False,False,0.003975737389985807,1.12924771586274,-122.298615,47.5920677,0.0
108,POINT (-122.298668 47.5920677),0.18536321601778807,0.011176,False,False,0.0142901504286175,1.1435378662913576,-122.298668,47.5920677,0.0
109,POINT (-122.2988585 47.5920677),0.18647370000096797,0.011176,False,False,0.0142901504286175,1.157828016719975,-122.2988585,47.5920677,0.0
110,POINT (-122.299049 47.5920677),0.18736791412424703,0.011176,False,False,0.010518150093778428,1.1683461668137534,-122.299049,47.5920677,0.0
111,POINT (-122.29918918749999 47.59206960625),0.1878899541823741,0.011176,False,False,0.010518149714635652,1.178864316528389,-122.29918918749999,47.59206960625,0.0
112,POINT (-122.299329375 47.5920715125),0.18797732088671468,0.011176,False,False,0.010518149327845405,1.1893824658562344,-122.299329375,47.5920715125,0.0
113,POINT (-122.2994695625 47.592073418750005),0.18771917831314242,0.011176,False,False,0.010518148948674077,1.1999006148049085,-122.2994695625,47.592073418750005,0.0
114,POINT (-122.29960975 47.592075325),0.18717350658781368,0.011176,False,False,0.010518148561898071,1.2104187633668066,-122.29960975,47.592075325,0.0
115,POINT (-122.2997499375 47.59207723125),0.18663852252382268,0.011176,False,False,0.010518148180818422,1.2209369115476252,-122.2997499375,47.59207723125,0.0
116,POINT (-122.299890125 47.5920791375),0.18581043455039475,0.011176,False,False,0.010518147797844726,1.2314550593454698,-122.299890125,47.5920791375,0.0
117,POINT (-122.3000303125 47.59208104375),0.18590868468384691,0.011176,False,False,0.010518147414885283,1.241973206760355,-122.3000303125,47.59208104375,0.0
118,POINT (-122.30017050000001 47.592082950000005),0.18597487496329404,0.011176,False,False,0.010518147031911564,1.2524913537922666,-122.30017050000001,47.592082950000005,0.0
119,POINT (-122.3003106875 47.592084856250004),0.18588323437528503,0.011176,False,False,0.010518146648923568,1.26300950044119,-122.3003106875,47.592084856250004,0.0
120,POINT (-122.300450875 47.5920867625),0.18571216962054105,0.011176,False,False,0.010518146265949829,1.27352764670714,-122.300450875,47.5920867625,0.0
121,POINT (-122.3005910625 47.59208866875),0.18543605123310983,0.011176,False,False,0.010518145882976074,1.284045792590116,-122.3005910625,47.59208866875,0.0
122,POINT (-122.30073125 47.592090575),0.18496827089536486,0.011176,False,False,0.010518145500016571,1.2945639380901326,-122.30073125,47.592090575,0.0
123,POINT (-122.3008714375 47.59209248125),0.1843980778691935,0.011176,False,False,0.010518145117042793,1.3050820832071754,-122.3008714375,47.59209248125,0.0
124,POINT (-122.301011625 47.592094387500005),0.1838544104516094,0.011176,False,False,0.010518144734054742,1.3156002279412302,-122.301011625,47.592094387500005,0.0
125,POINT (-122.30115181250001 47.592096293750004),0.1835458077028364,0.011176,False,False,0.010518144349172646,1.3261183722904029,-122.30115181250001,47.592096293750004,0.0
126,POINT (-122.301292 47.5920982),0.1837200863711489,0.011176,False,False,0.007305983749486821,1.3334243560398897,-122.301292,47.5920982,0.0
127,POINT (-122.301277 47.5921631),0.18552780450140735,0.011176,False,False,0.009399772745370558,1.3428241287852603,-122.301277,47.5921631,0.0
128,POINT (-122.301262 47.592247),0.18779932963764806,0.011176,False,False,0.010922382613269598,1.3537465113985299,-122.301262,47.592247,0.0
129,POINT (-122.3012468 47.59234466),0.19067729688524426,0.011176,False,False,0.010922382391145367,1.3646688937896752,-122.3012468,47.59234466,0.0
130,POINT (-122.3012316 47.59244232),0.19441781232073657,0.011176,False,False,0.010922382168317524,1.3755912759579927,-122.3012316,47.59244232,0.0
131,POINT (-122.3012164 47.59253998),0.19845442416673562,0.011176,False,False,0.010922381946897102,1.3865136579048898,-122.3012164,47.59253998,0.0
132,POINT (-122.3012012 47.59263764),0.20226568923630148,0.011176,False,False,0.01092238172457382,1.3974360396294636,-122.3012012,47.59263764,0.0
133,POINT (-122.301186 47.5927353),0.20568485962483216,0.011176,True,False,0.012781169913036013,1.4102172095424996,-122.301186,47.5927353,1.0
134,POINT (-122.30117 47.5928497),0.20848597336704705,0.011176,False,False,0.004805246868510795,1.4150224564110103,-122.30117,47.5928497,0.0
135,POINT (-122.301155 47.5928917),0.21068309707463823,0.011176,False,False,0.005939673094172537,1.4209621295051829,-122.301155,47.5928917,0.0
136,POINT (-122.301155 47.5929451),0.21247260286202305,0.011176,False,False,0.013206509349400961,1.4341686388545838,-122.301155,47.5929451,0.0
137,POINT (-122.30117 47.5930634),0.2139431124956186,0.011176,False,False,0.009332183007645933,1.4435008218622296,-122.30117,47.5930634,0.0
138,POINT (-122.30117 47.5931473),0.21525426004761092,0.011176,False,False,0.012302019555439747,1.4558028414176694,-122.30117,47.5931473,0.0
139,POINT (-122.30117 47.5932579),0.21655862519235383,0.011176,False,False,0.012302019554732202,1.4681048609724017,-122.30117,47.5932579,0.0
140,POINT (-122.30117 47.5933685),0.21823036446382454,0.011176,False,False,0.010893108334385171,1.478997969306787,-122.30117,47.5933685,0.0
141,POINT (-122.30117 47.59346643333333),0.21993951746800627,0.011176,False,False,0.010893108334385171,1.4898910776411722,-122.30117,47.59346643333333,0.0
142,POINT (-122.30117 47.59356436666666),0.221687481148816,0.011176,False,False,0.010893108334385171,1.5007841859755575,-122.30117,47.59356436666666,0.0
143,POINT (-122.30117 47.5936623),0.22352099331942538,0.011176,False,False,0.011625742169361854,1.5124099281449195,-122.30117,47.5936623,0.0
144,POINT (-122.30117 47.59376682),0.22542445999536825,0.011176,False,False,0.011625742169361854,1.5240356703142814,-122.30117,47.59376682,0.0
145,POINT (-122.30117 47.59387134),0.22713401051056759,0.011176,False,False,0.011625742168654309,1.5356614124829358,-122.30117,47.59387134,0.0
146,POINT (-122.30117 47.59397586),0.2286684932041842,0.011176,False,False,0.011625742169361854,1.5472871546522977,-122.30117,47.59397586,0.0
147,POINT (-122.30117 47.59408038),0.23007227725582588,0.011176,False,False,0.011625742169361854,1.5589128968216597,-122.30117,47.59408038,0.0
148,POINT (-122.30117 47.5941849),0.23152221441380139,0.011176,False,False,0.0001,1.5590128968216597,-122.30117,47.5941849,0.0
149,POINT (-122.30117 47.5941849),0.23294603588753435,0.011176,False,False,0.011136887052634827,1.5701497838742946,-122.30117,47.5941849,0.0
150,POINT (-122.30117 47.594285025000005),0.23423819762899112,0.011176,False,False,0.011136887051219737,1.5812866709255144,-122.30117,47.594285025000005,0.0
151,POINT (-122.30117 47.59438515),0.23544857407505482,0.011176,False,False,0.011136887051927282,1.5924235579774417,-122.30117,47.59438515,0.0
152,POINT (-122.30117 47.594485275),0.2366833558338234,0.011176,False,False,0.011136887052634827,1.6035604450300767,-122.30117,47.594485275,0.0
153,POINT (-122.30117 47.5945854),0.23799227257930938,0.011176,False,False,0.011031218710507386,1.6145916637405842,-122.30117,47.5945854,0.0
154,POINT (-122.30117 47.594684575),0.23944218395028705,0.011176,False,False,0.011031218711214931,1.625622882451799,-122.30117,47.594684575,0.0
155,POINT (-122.30117 47.594783750000005),0.24078193671664505,0.011176,False,False,0.011031218709799841,1.636654101161599,-122.30117,47.594783750000005,0.0
156,POINT (-122.30117 47.594882925),0.2421307163905438,0.011176,False,False,0.011031218711214931,1.6476853198728139,-122.30117,47.594882925,0.0
157,POINT (-122.30117 47.5949821),0.2436417288613493,0.011176,False,False,0.011883053849373049,1.659568373722187,-122.30117,47.5949821,0.0
158,POINT (-122.30117 47.59508893333334),0.2441104714631486,0.011176,False,False,0.011883053849373049,1.67145142757156,-122.30117,47.59508893333334,0.0
159,POINT (-122.30117 47.59519576666666),0.2462290935382984,0.011176,False,False,0.011883053850080594,1.6833344814216407,-122.30117,47.59519576666666,0.0
160,POINT (-122.30117 47.5953026),0.2506702820749001,0.011176,False,False,0.010181237401448164,1.693515718823089,-122.30117,47.5953026,0.0
161,POINT (-122.30117 47.59539413333333),0.2542982476507874,0.011176,False,False,0.010181237402863254,1.7036969562259523,-122.30117,47.59539413333333,0.0
162,POINT (-122.30117 47.59548566666667),0.25688944737005415,0.011176,False,False,0.010181237401448164,1.7138781936274006,-122.30117,47.59548566666667,0.0
163,POINT (-122.30117 47.5955772),0.2582103031042857,0.011176,False,False,0.0001,1.7139781936274006,-122.30117,47.5955772,0.0
164,POINT (-122.30117 47.5955772),0.2582319028271946,0.011176,False,False,0.011652231679398585,1.725630425306799,-122.30117,47.5955772,0.0
165,POINT (-122.30132533333334 47.595575933333336),0.2569866237684848,0.011176,False,False,0.011652231957615245,1.7372826572644144,-122.30132533333334,47.595575933333336,0.0
166,POINT (-122.30148066666666 47.595574666666664),0.25444578747871655,0.011176,False,False,0.011652232243448468,1.748934889507863,-122.30148066666666,47.595574666666664,0.0
167,POINT (-122.301636 47.5955734),0.2507383116608739,0.011176,True,False,0.010013686520780258,1.7589485760286432,-122.301636,47.5955734,0.0
168,POINT (-122.3017695 47.5955734),0.24610619316901416,0.011176,False,False,0.010013686520780258,1.7689622625494235,-122.3017695,47.5955734,0.0
169,POINT (-122.30190300000001 47.5955734),0.24410141613655767,0.011176,False,False,0.010013686518871698,1.7789759490682953,-122.30190300000001,47.5955734,0.0
170,POINT (-122.3020365 47.5955734),0.24401915059834434,0.011176,False,False,0.010013686520780258,1.7889896355890755,-122.3020365,47.5955734,0.0
171,POINT (-122.30217 47.5955734),0.24332732026782689,0.011176,False,True,0.0051006043690706515,1.7940902399581462,-122.30217,47.5955734,0.0
172,POINT (-122.302238 47.5955734),0.24325013277636326,0.011176,False,False,0.010056289222116767,1.804146529180263,-122.302238,47.5955734,0.0
173,POINT (-122.302238 47.59566381),0.24373025032523693,0.0156464,False,False,0.010056289222116767,1.8142028184023797,-122.302238,47.59566381,0.0
174,POINT (-122.302238 47.595754219999996),0.24475456767760304,0.0156464,False,False,0.010056289222824312,1.8242591076252042,-122.302238,47.595754219999996,0.0
175,POINT (-122.302238 47.59584463),0.24619636702815484,0.0156464,False,False,0.010056289222116767,1.834315396847321,-122.302238,47.59584463,0.0
176,POINT (-122.302238 47.59593504),0.24785955298363815,0.0156464,False,False,0.010056289222116767,1.8443716860694377,-122.302238,47.59593504,0.0
177,POINT (-122.302238 47.59602545),0.24956422797783342,0.0156464,False,False,0.010056289222116767,1.8544279752915545,-122.302238,47.59602545,0.0
178,POINT (-122.302238 47.59611586),0.2511993793407527,0.0156464,False,False,0.010056289222116767,1.8644842645136712,-122.302238,47.59611586,0.0
179,POINT (-122.302238 47.596206269999996),0.25272075676195616,0.0156464,False,False,0.010056289222824312,1.8745405537364956,-122.302238,47.596206269999996,0.0
180,POINT (-122.302238 47.59629668),0.25407973674071765,0.0156464,False,False,0.010056289222116767,1.8845968429586124,-122.302238,47.59629668,0.0
181,POINT (-122.302238 47.59638709),0.25532432812243977,0.0156464,False,False,0.010056289222116767,1.8946531321807292,-122.302238,47.59638709,0.0
182,POINT (-122.302238 47.5964775),0.2564815380389881,0.011176,False,False,0.010381451101204031,1.905034583281933,-122.302238,47.5964775,0.0
183,POINT (-122.302238 47.59657083333333),0.257571807754624,0.0156464,False,False,0.010381451101204031,1.9154160343831372,-122.302238,47.59657083333333,0.0
184,POINT (-122.302238 47.59666416666666),0.2586526929237355,0.0156464,False,False,0.010381451101911576,1.9257974854850488,-122.302238,47.59666416666666,0.0
185,POINT (-122.302238 47.5967575),0.2597760070231696,0.0156464,False,False,0.010381451101911576,1.9361789365869604,-122.302238,47.5967575,0.0
186,POINT (-122.302238 47.596850833333335),0.2610553321393783,0.0156464,False,False,0.010381451101204031,1.9465603876881645,-122.302238,47.596850833333335,0.0
187,POINT (-122.302238 47.59694416666667),0.26244774949578487,0.0156464,False,False,0.010381451101204031,1.9569418387893687,-122.302238,47.59694416666667,0.0
188,POINT (-122.302238 47.5970375),0.26387147746052847,0.0156464,False,False,0.010381451101204031,1.9673232898905728,-122.302238,47.5970375,0.0
189,POINT (-122.302238 47.59713083333333),0.26531381503018536,0.0156464,False,False,0.010381451101911576,1.9777047409924844,-122.302238,47.59713083333333,0.0
190,POINT (-122.302238 47.59722416666667),0.26675073256414883,0.0156464,False,False,0.010381451101204031,1.9880861920936885,-122.302238,47.59722416666667,0.0
191,POINT (-122.302238 47.5973175),0.268199446884903,0.0156464,False,False,0.010381451101911576,1.9984676431956,-122.302238,47.5973175,0.0
192,POINT (-122.302238 47.597410833333335),0.2696311649776013,0.0156464,False,False,0.010381451101204031,2.0088490942968042,-122.302238,47.597410833333335,0.0
193,POINT (-122.302238 47.59750416666667),0.27100616846329206,0.0156464,False,False,0.010381451101204031,2.0192305453980084,-122.302238,47.59750416666667,0.0
194,POINT (-122.302238 47.5975975),0.2722810913655037,0.0156464,False,False,0.010381451101911576,2.02961199649992,-122.302238,47.5975975,0.0
195,POINT (-122.302238 47.59769083333334),0.27342879765295,0.0156464,False,False,0.010381451101204031,2.039993447601124,-122.302238,47.59769083333334,0.0
196,POINT (-122.302238 47.59778416666667),0.27449978758627513,0.0156464,False,False,0.010381451101204031,2.0503748987023283,-122.302238,47.59778416666667,0.0
197,POINT (-122.302238 47.5978775),0.27548903166942185,0.011176,False,True,0.010324600297595854,2.060699498999924,-122.302238,47.5978775,0.0
198,POINT (-122.302238 47.597970322222224),0.27641418585077104,0.0156464,False,False,0.010324600298303399,2.0710240992982274,-122.302238,47.597970322222224,0.0
199,POINT (-122.302238 47.598063144444446),0.2773258984972555,0.0156464,False,False,0.010324600297595854,2.0813486995958232,-122.302238,47.598063144444446,0.0
200,POINT (-122.302238 47.59815596666667),0.2782450644753204,0.0156464,False,False,0.010324600297595854,2.091673299893419,-122.302238,47.59815596666667,0.0
201,POINT (-122.302238 47.59824878888889),0.279186173090013,0.0156464,False,False,0.010324600298303399,2.1019979001917224,-122.302238,47.59824878888889,0.0
202,POINT (-122.302238 47.59834161111112),0.2801296128493097,0.0156464,False,False,0.010324600297595854,2.1123225004893182,-122.302238,47.59834161111112,0.0
203,POINT (-122.302238 47.59843443333334),0.28110332689974493,0.0156464,False,False,0.010324600297595854,2.122647100786914,-122.302238,47.59843443333334,0.0
204,POINT (-122.302238 47.59852725555556),0.282217467408081,0.0156464,False,False,0.010324600297595854,2.13297170108451,-122.302238,47.59852725555556,0.0
205,POINT (-122.302238 47.59862007777778),0.28326406782101443,0.0156464,False,False,0.010324600298303399,2.1432963013828132,-122.302238,47.59862007777778,0.0
206,POINT (-122.302238 47.5987129),0.28433360749358144,0.0156464,False,False,0.013206498782563187,2.1565028001653763,-122.302238,47.5987129,0.0
207,POINT (-122.302223 47.5988312),0.2854498282479248,0.0156464,False,False,0.013570039653893584,2.17007283981927,-122.302223,47.5988312,0.0
208,POINT (-122.302223 47.5989532),0.28659482522888974,0.0156464,True,False,0.0025471631814066864,2.1726200030006764,-122.302223,47.5989532,0.0
209,POINT (-122.302223 47.5989761),0.28763492689155,0.0156464,False,False,0.011315781700064755,2.1839357847007412,-122.302223,47.5989761,0.0
210,POINT (-122.302223 47.59907783333333),0.2884501696322078,0.0156464,False,False,0.0113157817007723,2.1952515664015135,-122.302223,47.59907783333333,0.0
211,POINT (-122.302223 47.59917956666667),0.28906032364852025,0.0156464,False,False,0.0113157817007723,2.206567348102286,-122.302223,47.59917956666667,0.0
212,POINT (-122.302223 47.5992813),0.289592362481676,0.011176,False,True,0.0001,2.206667348102286,-122.302223,47.5992813,0.0
213,POINT (-122.302223 47.5992813),0.29017557054355225,0.011176,False,False,0.011031218710507386,2.2176985668127935,-122.302223,47.5992813,0.0
214,POINT (-122.302223 47.599380475000004),0.29095317408421734,0.0156464,False,False,0.011031218710507386,2.228729785523301,-122.302223,47.599380475000004,0.0
215,POINT (-122.302223 47.59947965),0.29179721176040835,0.0156464,False,False,0.011031218709799841,2.239761004233101,-122.302223,47.59947965,0.0
216,POINT (-122.302223 47.599578824999995),0.2929881495051181,0.0156464,False,False,0.011031218710507386,2.2507922229436086,-122.302223,47.599578824999995,0.0
217,POINT (-122.302223 47.599678),0.2946140855909236,0.0156464,False,False,0.013592807268792341,2.264385030212401,-122.302223,47.599678,0.0
218,POINT (-122.30223050000001 47.599800099999996),0.2965684696366468,0.0156464,False,False,0.013592807214463784,2.2779778374268647,-122.30223050000001,47.599800099999996,0.0
219,POINT (-122.302238 47.5999222),0.29851707440712044,0.0156464,False,False,0.016973672551158447,2.294951509978023,-122.302238,47.5999222,0.0
220,POINT (-122.302238 47.6000748),0.3002957495487106,0.0156464,False,False,0.013786937828982881,2.308738447807006,-122.302238,47.6000748,0.0
221,POINT (-122.302238 47.600198750000004),0.30190284383991745,0.0156464,False,False,0.013786937828275336,2.3225253856352817,-122.302238,47.600198750000004,0.0
222,POINT (-122.302238 47.6003227),0.3032961049468932,0.011176,False,False,0.011191111595168947,2.3337164972304505,-122.302238,47.6003227,0.0
223,POINT (-122.302238 47.6004233125),0.30448022539187786,0.0156464,False,False,0.011191111595876492,2.344907608826327,-122.302238,47.6004233125,0.0
224,POINT (-122.302238 47.600523925),0.30548281903033575,0.0156464,False,False,0.011191111595876492,2.356098720422204,-122.302238,47.600523925,0.0
225,POINT (-122.302238 47.600624537499996),0.3063690485743107,0.0156464,False,False,0.011191111596584037,2.367289832018788,-122.302238,47.600624537499996,0.0
226,POINT (-122.302238 47.60072515),0.30730697802563733,0.0156464,False,False,0.011191111595876492,2.3784809436146648,-122.302238,47.60072515,0.0
227,POINT (-122.302238 47.6008257625),0.30840751936052313,0.0156464,False,False,0.011191111595168947,2.3896720552098336,-122.302238,47.6008257625,0.0
228,POINT (-122.302238 47.600926375),0.30954602833283335,0.0156464,False,False,0.011191111595876492,2.4008631668057103,-122.302238,47.600926375,0.0
229,POINT (-122.302238 47.6010269875),0.31054923388785777,0.0156464,False,False,0.011191111595876492,2.412054278401587,-122.302238,47.6010269875,0.0
230,POINT (-122.302238 47.6011276),0.311480507092599,0.0156464,False,False,0.010628275947482616,2.4226825543490698,-122.302238,47.6011276,0.0
231,POINT (-122.302246 47.601223),0.3123676455482189,0.0156464,True,False,0.0046716529957187,2.4273542073447887,-122.302246,47.601223,0.0
232,POINT (-122.302246 47.601265),0.31316075201857146,0.0156464,False,False,0.0050832033790219056,2.4324374107238107,-122.302246,47.601265,0.0
233,POINT (-122.302246 47.6013107),0.31394792520305304,0.0156464,False,False,0.01025057508071089,2.4426879858045214,-122.302246,47.6013107,0.0
234,POINT (-122.302261 47.6014023),0.3146584900898264,0.0156464,False,False,0.009207880072990336,2.451895865877512,-122.302261,47.6014023,0.0
235,POINT (-122.302292 47.6014824),0.3152880870756856,0.0156464,False,False,0.007226788282659508,2.459122654160171,-122.302292,47.6014824,0.0
236,POINT (-122.302299 47.6015472),0.31585563592088334,0.0156464,False,False,0.0140125141808015,2.473135168340973,-122.302299,47.6015472,0.0
237,POINT (-122.302345 47.6016693),0.31637091683341156,0.0156464,False,True,0.014529273968064575,2.4876644423090375,-122.302345,47.6016693,0.0
238,POINT (-122.302368 47.601799),0.31673575070965904,0.0156464,False,False,0.00920787562132357,2.496872317930361,-122.302368,47.601799,0.0
239,POINT (-122.302399 47.6018791),0.31694777738131097,0.0156464,False,False,0.00983056308522447,2.5067028810155856,-122.302399,47.6018791,0.0
240,POINT (-122.302414 47.6019669),0.31712113671647446,0.0156464,False,False,0.006877652812359612,2.513580533827945,-122.302414,47.6019669,0.0
241,POINT (-122.302429 47.6020279),0.31724834159370985,0.0156464,False,False,0.008486836274871679,2.5220673701028167,-122.302429,47.6020279,0.0
242,POINT (-122.302429 47.6021042),0.31735320980899073,0.0156464,False,False,0.012733788756415888,2.5348011588592327,-122.302429,47.6021042,0.0
243,POINT (-122.30243300000001 47.60221865),0.3175405280551163,0.0156464,False,False,0.012733788740953593,2.5475349476001865,-122.30243300000001,47.60221865,0.0
244,POINT (-122.302437 47.6023331),0.31777157678137385,0.0156464,False,False,0.012446618338360915,2.559981565938547,-122.302437,47.6023331,0.0
245,POINT (-122.302437 47.602445),0.3180443426812453,0.0156464,False,False,0.01244661833765337,2.5724281842762005,-122.302437,47.602445,0.0
246,POINT (-122.302437 47.602556899999996),0.31838258863329144,0.0156464,False,False,0.012446618338360915,2.5848748026145616,-122.302437,47.602556899999996,0.0
247,POINT (-122.302437 47.6026688),0.3187435596528317,0.011176,False,False,0.011191111595876492,2.5960659142104383,-122.302437,47.6026688,0.0
248,POINT (-122.302437 47.602769412499995),0.3191299141837175,0.0156464,False,False,0.011191111596584037,2.6072570258070225,-122.302437,47.602769412499995,0.0
249,POINT (-122.302437 47.602870025),0.31951266735583833,0.0156464,False,False,0.011191111595876492,2.618448137402899,-122.302437,47.602870025,0.0
250,POINT (-122.302437 47.6029706375),0.3198845835865803,0.0156464,False,False,0.011191111595168947,2.629639248998068,-122.302437,47.6029706375,0.0
251,POINT (-122.302437 47.60307125),0.32023917123932466,0.0156464,False,False,0.011191111595876492,2.6408303605939447,-122.302437,47.60307125,0.0
252,POINT (-122.302437 47.6031718625),0.3205772540752713,0.0156464,False,False,0.011191111595876492,2.6520214721898214,-122.302437,47.6031718625,0.0
253,POINT (-122.302437 47.603272475),0.3209079058453762,0.0156464,False,False,0.011191111596584037,2.6632125837864056,-122.302437,47.603272475,0.0
254,POINT (-122.302437 47.6033730875),0.32124571615721603,0.0156464,False,False,0.011191111595876492,2.6744036953822823,-122.302437,47.6033730875,0.0
255,POINT (-122.302437 47.6034737),0.32155887260526017,0.0156464,False,False,0.003815183279152979,2.6782188786614354,-122.302437,47.6034737,0.0
256,POINT (-122.302437 47.603508),0.32189720370775143,0.011176,False,False,0.010088545873626176,2.6883074245350613,-122.302437,47.603508,0.0
257,POINT (-122.302437 47.6035987),0.32221467231092565,0.0156464,False,False,0.01008854587433372,2.698395970409395,-122.302437,47.6035987,0.0
258,POINT (-122.302437 47.6036894),0.32253059981197274,0.0156464,False,False,0.01008854587433372,2.708484516283729,-122.302437,47.6036894,0.0
259,POINT (-122.302437 47.6037801),0.3228403441244636,0.0156464,False,False,0.010088545873626176,2.718573062157355,-122.302437,47.6037801,0.0
260,POINT (-122.302437 47.6038708),0.32316503344271374,0.0156464,False,False,0.010088545873626176,2.728661608030981,-122.302437,47.6038708,0.0
261,POINT (-122.302437 47.6039615),0.3235608506280512,0.0156464,False,False,0.010088545873626176,2.738750153904607,-122.302437,47.6039615,0.0
262,POINT (-122.302437 47.6040522),0.32394799328072726,0.0156464,False,False,0.01008854587433372,2.7488386997789407,-122.302437,47.6040522,0.0
263,POINT (-122.302437 47.6041429),0.3243111479076759,0.0156464,False,False,0.01008854587433372,2.7589272456532745,-122.302437,47.6041429,0.0
264,POINT (-122.302437 47.6042336),0.3245494323588204,0.0156464,False,False,0.010088545873626176,2.7690157915269005,-122.302437,47.6042336,0.0
265,POINT (-122.302437 47.6043243),0.3246369946175252,0.011176,False,True,0.01701090996247474,2.786026701489375,-122.302437,47.6043243,0.0
266,POINT (-122.302452 47.6044769),0.3244993327392018,0.0156464,False,False,0.00856106782428844,2.7945877693136634,-122.302452,47.6044769,0.0
267,POINT (-122.302467 47.6045532),0.324142102648329,0.0156464,False,False,0.012792218360191532,2.8073799876738548,-122.302467,47.6045532,0.0
268,POINT (-122.302483 47.6046677),0.32349634251450127,0.0156464,False,False,0.00989340270447922,2.817273390378334,-122.302483,47.6046677,0.0
269,POINT (-122.302505 47.6047554),0.32238523078687337,0.0156464,False,False,0.011158017865907456,2.828431408244241,-122.302505,47.6047554,0.0
270,POINT (-122.302551 47.6048508),0.32096005014272916,0.0156464,False,False,0.00866034990774078,2.837091758151982,-122.302551,47.6048508,0.0
271,POINT (-122.302574 47.6049271),0.31920156981283765,0.0156464,False,False,0.01352482126936944,2.8506165794213514,-122.302574,47.6049271,0.0
272,POINT (-122.302616 47.60504535),0.3173340109089322,0.0156464,False,False,0.013524819611324478,2.864141399032676,-122.302616,47.60504535,0.0
273,POINT (-122.302658 47.6051636),0.3152746916373022,0.011176,False,False,0.00797667920368294,2.8721180782363587,-122.302658,47.6051636,0.0
274,POINT (-122.302689 47.6052322),0.3129651097295453,0.0156464,False,False,0.00850305698600805,2.8806211352223667,-122.302689,47.6052322,0.0
275,POINT (-122.302696 47.6053085),0.3105007273711809,0.0156464,False,False,0.00678424655016257,2.8874053817725294,-122.302696,47.6053085,0.0
276,POINT (-122.302727 47.6053658),0.307532872482336,0.0156464,False,False,0.012090519436128,2.8994959012086574,-122.302727,47.6053658,0.0
277,POINT (-122.302757 47.6054726),0.3044987025405428,0.0156464,False,False,0.012316640510559534,2.911812541719217,-122.302757,47.6054726,0.0
278,POINT (-122.302765 47.6055832),0.30161887144431154,0.0156464,False,False,0.011932489428188881,2.923745031147406,-122.302765,47.6055832,0.0
279,POINT (-122.30278 47.60569),0.29838975862801004,0.0156464,False,False,0.015271856102526016,2.939016887249932,-122.30278,47.60569,0.0
280,POINT (-122.30278 47.6058273),0.29512337716198256,0.0156464,False,False,0.007641489542804969,2.946658376792737,-122.30278,47.6058273,0.0
281,POINT (-122.30278 47.605896),0.29214281266219194,0.0156464,True,False,0.01004034627955497,2.9566987230722916,-122.30278,47.605896,0.0
282,POINT (-122.30278 47.60598626666667),0.28987149460443595,0.0156464,False,False,0.010040346278847425,2.966739069351139,-122.30278,47.60598626666667,0.0
283,POINT (-122.30278 47.60607653333333),0.2880126780263201,0.0156464,False,False,0.01004034627955497,2.976779415630694,-122.30278,47.60607653333333,0.0
284,POINT (-122.30278 47.6061668),0.28649337853918605,0.0156464,False,True,0.0001,2.976879415630694,-122.30278,47.6061668,0.0
285,POINT (-122.30278 47.6061668),0.28511831814425875,0.0156464,False,False,0.011474036262093321,2.9883534518927877,-122.30278,47.6061668,0.0
286,POINT (-122.302933 47.6061668),0.2835692603193525,0.0156464,False,False,0.01077409505386422,2.999127546946652,-122.302933,47.6061668,0.0
287,POINT (-122.30307666666667 47.6061668),0.2820363313545998,0.0156464,False,False,0.010774095051956046,3.009901641998608,-122.30307666666667,47.6061668,0.0
288,POINT (-122.30322033333333 47.6061668),0.2804467239202048,0.0156464,False,False,0.010774095051956046,3.0206757370505644,-122.30322033333333,47.6061668,0.0
289,POINT (-122.30336399999999 47.6061668),0.2784385974946284,0.0156464,False,False,0.010774095051956046,3.0314498321025205,-122.30336399999999,47.6061668,0.0
290,POINT (-122.30350766666666 47.6061668),0.27638550537393985,0.0156464,False,False,0.010774095051956046,3.0422239271544766,-122.30350766666666,47.6061668,0.0
291,POINT (-122.30365133333332 47.6061668),0.2747865339514821,0.0156464,False,False,0.01077409505386422,3.052998022208341,-122.30365133333332,47.6061668,0.0
292,POINT (-122.303795 47.6061668),0.27389342713967413,0.0156464,False,False,0.0001,3.0530980222083413,-122.303795,47.6061668,0.0
293,POINT (-122.303795 47.6061668),0.2736111996523991,0.0156464,False,False,0.011005325630986464,3.064103347839328,-122.303795,47.6061668,0.0
294,POINT (-122.30394174999999 47.6061668),0.2740524947871147,0.0156464,False,False,0.011005325630986464,3.0751086734703144,-122.30394174999999,47.6061668,0.0
295,POINT (-122.3040885 47.6061668),0.27510719793715477,0.0156464,False,False,0.011005325630986464,3.086113999101301,-122.3040885,47.6061668,0.0
296,POINT (-122.30423525 47.6061668),0.27672154132691934,0.0156464,False,False,0.011005325630986464,3.0971193247322875,-122.30423525,47.6061668,0.0
297,POINT (-122.304382 47.6061668),0.278593542779243,0.011176,False,False,0.012298966975131153,3.1094182917074185,-122.304382,47.6061668,0.0
298,POINT (-122.304546 47.6061668),0.2803407087703971,0.0156464,False,False,0.012298966973222978,3.1217172586806416,-122.304546,47.6061668,0.0
299,POINT (-122.30471 47.6061668),0.2819731315132629,0.0156464,False,False,0.012298966975131153,3.1340162256557726,-122.30471,47.6061668,0.0
300,POINT (-122.304874 47.6061668),0.2835240743854949,0.0156464,False,False,0.012298966973222978,3.146315192628996,-122.304874,47.6061668,0.0
301,POINT (-122.305038 47.6061668),0.28521818375309665,0.0156464,False,False,0.012317715399993788,3.1586329080289897,-122.305038,47.6061668,0.0
302,POINT (-122.30520225 47.6061668),0.28711344650019655,0.0156464,False,False,0.012317715398085616,3.1709506234270752,-122.30520225,47.6061668,0.0
303,POINT (-122.30536649999999 47.6061668),0.2868701863322234,0.0156464,False,False,0.012317715399993788,3.183268338827069,-122.30536649999999,47.6061668,0.0
304,POINT (-122.30553075 47.6061668),0.2919348771244227,0.0156464,False,False,0.012317715399993788,3.195586054227063,-122.30553075,47.6061668,0.0
305,POINT (-122.305695 47.6061668),0.29668701043829304,0.0156464,False,False,0.010013889582782076,3.205599943809845,-122.305695,47.6061668,0.0
306,POINT (-122.30582849999999 47.606164899999996),0.30093884547662714,0.0156464,False,False,0.010013889948272918,3.215613833758118,-122.30582849999999,47.606164899999996,0.0
307,POINT (-122.305962 47.606163),0.3042003787736524,0.0156464,True,False,0.013986326265103918,3.229600160023222,-122.305962,47.606163,-1.0
308,POINT (-122.3061485 47.606163),0.3073417162061581,0.0156464,False,False,0.013986326265103918,3.2435864862883257,-122.3061485,47.606163,0.0
309,POINT (-122.306335 47.606163),0.30998251364114493,0.0156464,False,False,0.010874087443113556,3.254460573731439,-122.306335,47.606163,0.0
310,POINT (-122.30648 47.606163),0.31170349860913915,0.0156464,False,False,0.011649022410907116,3.2661095961423463,-122.30648,47.606163,0.0
311,POINT (-122.30663533333333 47.606163),0.31259930910764133,0.0156464,False,False,0.011649022410907116,3.2777586185532535,-122.30663533333333,47.606163,0.0
312,POINT (-122.30679066666666 47.606163),0.3127151814351835,0.0156464,False,False,0.011649022412815287,3.289407640966069,-122.30679066666666,47.606163,0.0
313,POINT (-122.306946 47.606163),0.3120843441125126,0.0156464,False,False,0.0001,3.289507640966069,-122.306946,47.606163,0.0
314,POINT (-122.306946 47.606163),0.3166151569073026,0.0156464,False,False,0.01052911639294678,3.300036757359016,-122.306946,47.606163,0.0
315,POINT (-122.3070864 47.606163),0.31895011051773836,0.0156464,False,False,0.010529116394854954,3.310565873753871,-122.3070864,47.606163,0.0
316,POINT (-122.3072268 47.606163),0.3208928588298104,0.0156464,False,False,0.01052911639294678,3.321094990146818,-122.3072268,47.606163,0.0
317,POINT (-122.3073672 47.606163),0.3224438267421065,0.0156464,False,False,0.010529116394854954,3.331624106541673,-122.3073672,47.606163,0.0
318,POINT (-122.3075076 47.606163),0.32449833248823207,0.0156464,False,False,0.010529116394854954,3.342153222936528,-122.3075076,47.606163,0.0
319,POINT (-122.307648 47.606163),0.3260981618885681,0.0156464,False,False,0.0001,3.3422532229365283,-122.307648,47.606163,0.0
320,POINT (-122.307648 47.606163),0.3270756367859038,0.0156464,False,False,0.010807845248617937,3.3530610681851463,-122.307648,47.606163,0.0
321,POINT (-122.30779211111111 47.60616385555556),0.3277532542124226,0.0156464,False,False,0.010807845071847476,3.3638689132569937,-122.30779211111111,47.60616385555556,0.0
322,POINT (-122.30793622222222 47.60616471111111),0.32832342870752385,0.0156464,False,False,0.01080784489508947,3.3746767581520833,-122.30793622222222,47.60616471111111,0.0
323,POINT (-122.30808033333334 47.60616556666667),0.32895109049479254,0.0156464,False,False,0.010807844718319002,3.3854846028704024,-122.30808033333334,47.60616556666667,0.0
324,POINT (-122.30822444444445 47.60616642222222),0.3298439439182246,0.0156464,False,False,0.010807844539652892,3.3962924474100555,-122.30822444444445,47.60616642222222,0.0
325,POINT (-122.30836855555555 47.60616727777778),0.33097500802420327,0.0156464,False,False,0.010807844366698616,3.407100291776754,-122.30836855555555,47.60616727777778,0.0
326,POINT (-122.30851266666666 47.606168133333334),0.3320554717092813,0.0156464,False,False,0.010807844188032503,3.4179081359647867,-122.30851266666666,47.606168133333334,0.0
327,POINT (-122.30865677777777 47.60616898888889),0.33301038828318574,0.0156464,False,False,0.010807844011262025,3.4287159799760487,-122.30865677777777,47.60616898888889,0.0
328,POINT (-122.30880088888888 47.606169844444445),0.33377631966828825,0.0156464,False,False,0.010807843834504005,3.4395238238105525,-122.30880088888888,47.606169844444445,0.0
329,POINT (-122.308945 47.6061707),0.3343216835146471,0.0156464,False,False,0.010543526967115338,3.450067350777668,-122.308945,47.6061707,0.0
330,POINT (-122.30908557142857 47.606172328571425),0.33464072238593207,0.0156464,False,False,0.010543526638964745,3.4606108774166326,-122.30908557142857,47.606172328571425,0.0
331,POINT (-122.30922614285714 47.60617395714286),0.3347250352695003,0.0156464,False,False,0.010543526310765518,3.471154403727398,-122.30922614285714,47.60617395714286,0.0
332,POINT (-122.30936671428572 47.60617558571428),0.3346285315738144,0.0156464,False,False,0.010543525980707019,3.481697929708105,-122.30936671428572,47.60617558571428,0.0
333,POINT (-122.30950728571428 47.606177214285715),0.33442391733022925,0.0156464,False,False,0.010543525654415664,3.492241455362521,-122.30950728571428,47.606177214285715,0.0
334,POINT (-122.30964785714285 47.60617884285714),0.3342472031244318,0.0156464,False,False,0.010543525326265037,3.502784980688786,-122.30964785714285,47.60617884285714,0.0
335,POINT (-122.30978842857142 47.60618047142857),0.3342170530377021,0.0156464,False,False,0.010543524998065776,3.5133285056868515,-122.30978842857142,47.60618047142857,0.0
336,POINT (-122.309929 47.6061821),0.33426519505071833,0.0156464,True,False,0.0001,3.5134285056868517,-122.309929,47.6061821,0.0
337,POINT (-122.309929 47.6061821),0.33424764858148126,0.0156464,False,False,0.012298963375722177,3.525727469062574,-122.309929,47.6061821,0.0
338,POINT (-122.310093 47.6061821),0.33396372726191537,0.0156464,False,False,0.01229896337763035,3.5380264324402044,-122.310093,47.6061821,0.0
339,POINT (-122.310257 47.6061821),0.3332598814352973,0.0156464,False,False,0.010807830492199216,3.5488342629324037,-122.310257,47.6061821,0.0
340,POINT (-122.3104011111111 47.60618294444444),0.3320941270948298,0.0156464,False,False,0.010807830317730395,3.559642093250134,-122.3104011111111,47.60618294444444,0.0
341,POINT (-122.31054522222222 47.606183788888885),0.33039320249046283,0.0156464,False,False,0.010807830143267718,3.5704499233934017,-122.31054522222222,47.606183788888885,0.0
342,POINT (-122.31068933333333 47.606184633333335),0.3282241391624335,0.0156464,False,False,0.010807829968792744,3.5812577533621943,-122.31068933333333,47.606184633333335,0.0
343,POINT (-122.31083344444444 47.60618547777778),0.32560412249087256,0.0156464,False,False,0.010807829794323914,3.592065583156518,-122.31083344444444,47.60618547777778,0.0
344,POINT (-122.31097755555555 47.60618632222222),0.3228514907943626,0.0156464,False,False,0.010807829619855085,3.6028734127763733,-122.31097755555555,47.60618632222222,0.0
345,POINT (-122.31112166666666 47.606187166666665),0.3203702345628012,0.0156464,False,False,0.0108078294453924,3.613681242221766,-122.31112166666666,47.606187166666665,0.0
346,POINT (-122.31126577777778 47.606188011111115),0.3182002737761107,0.0156464,False,False,0.010807829272825515,3.624489071494591,-122.31126577777778,47.606188011111115,0.0
347,POINT (-122.31140988888889 47.60618885555556),0.3161861878152779,0.0156464,False,False,0.010807829096448578,3.63529690059104,-122.31140988888889,47.60618885555556,0.0
348,POINT (-122.311554 47.6061897),0.31417074606301976,0.011176,False,False,0.010932410301091974,3.646229310892132,-122.311554,47.6061897,0.0
349,POINT (-122.31169977777778 47.6061897),0.31207854086424713,0.0156464,False,False,0.010932410301091974,3.657161721193224,-122.31169977777778,47.6061897,0.0
350,POINT (-122.31184555555555 47.6061897),0.3098374294467746,0.0156464,False,False,0.010932410303000146,3.668094131496224,-122.31184555555555,47.6061897,0.0
351,POINT (-122.31199133333334 47.6061897),0.30737041923327396,0.0156464,False,False,0.010932410303000146,3.679026541799224,-122.31199133333334,47.6061897,0.0
352,POINT (-122.31213711111111 47.6061897),0.3045803433220432,0.0156464,False,False,0.010932410301091974,3.689958952100316,-122.31213711111111,47.6061897,0.0
353,POINT (-122.31228288888889 47.6061897),0.30155877948752163,0.0156464,False,False,0.010932410301091974,3.7008913624014084,-122.31228288888889,47.6061897,0.0
354,POINT (-122.31242866666666 47.6061897),0.2986386207989608,0.0156464,False,False,0.010932410303000146,3.7118237727044083,-122.31242866666666,47.6061897,0.0
355,POINT (-122.31257444444445 47.6061897),0.2943543377500599,0.0156464,False,False,0.010932410301091974,3.7227561830055005,-122.31257444444445,47.6061897,0.0
356,POINT (-122.31272022222223 47.6061897),0.29371464904927497,0.0156464,False,False,0.010932410303000146,3.7336885933085004,-122.31272022222223,47.6061897,0.0
357,POINT (-122.312866 47.6061897),0.29239952261686947,0.0156464,False,False,0.012167722670237852,3.745856315978738,-122.312866,47.6061897,0.0
358,POINT (-122.31302825 47.6061897),0.29077842602140763,0.0156464,False,False,0.012167722668329679,3.758024038647068,-122.31302825,47.6061897,0.0
359,POINT (-122.31319049999999 47.6061897),0.2888283164284453,0.0156464,False,False,0.012167722672146022,3.770191761319214,-122.31319049999999,47.6061897,0.0
360,POINT (-122.31335274999999 47.6061897),0.2864032443386698,0.0156464,False,False,0.012167722670237852,3.7823594839894517,-122.31335274999999,47.6061897,0.0
361,POINT (-122.313515 47.6061897),0.28325020103187887,0.011176,True,False,0.0033747150703343576,3.785734199059786,-122.313515,47.6061897,1.0
362,POINT (-122.31356 47.6061897),0.27997083245124077,0.0156464,False,False,0.011463180454828404,3.7971973795146146,-122.31356,47.6061897,0.0
363,POINT (-122.31371275 47.606193525),0.2762430757820473,0.0156464,False,False,0.011463179617725052,3.8086605591323397,-122.31371275,47.606193525,0.0
364,POINT (-122.31386549999999 47.60619735),0.27216345350003246,0.0156464,False,False,0.011463178780621648,3.8201237379129616,-122.31386549999999,47.60619735,0.0
365,POINT (-122.31401825 47.606201175),0.26776550833606555,0.0156464,False,False,0.011463177943518192,3.8315869158564797,-122.31401825,47.606201175,0.0
366,POINT (-122.314171 47.606205),0.26707214113604555,0.011176,False,False,0.010865746085180893,3.842452661941661,-122.314171,47.606205,0.0
367,POINT (-122.31431588888888 47.606205),0.2648901786893126,0.0156464,False,False,0.010865746085180893,3.853318408026842,-122.31431588888888,47.606205,0.0
368,POINT (-122.31446077777778 47.606205),0.2632137590599511,0.0156464,False,False,0.010865746085180893,3.864184154112023,-122.31446077777778,47.606205,0.0
369,POINT (-122.31460566666667 47.606205),0.26177863174829785,0.0156464,False,False,0.010865746085180893,3.875049900197204,-122.31460566666667,47.606205,0.0
370,POINT (-122.31475055555556 47.606205),0.26041427839941694,0.0156464,False,False,0.010865746085180893,3.885915646282385,-122.31475055555556,47.606205,0.0
371,POINT (-122.31489544444445 47.606205),0.25911326403495655,0.0156464,False,False,0.010865746087089064,3.896781392369474,-122.31489544444445,47.606205,0.0
372,POINT (-122.31504033333334 47.606205),0.2582797445372831,0.0156464,False,False,0.010865746083272723,3.907647138452747,-122.31504033333334,47.606205,0.0
373,POINT (-122.31518522222223 47.606205),0.2574393096425879,0.0156464,False,False,0.010865746087089064,3.918512884539836,-122.31518522222223,47.606205,0.0
374,POINT (-122.31533011111112 47.606205),0.25709453563201184,0.0156464,False,False,0.010865746085180893,3.929378630625017,-122.31533011111112,47.606205,0.0
375,POINT (-122.315475 47.606205),0.25706210796649703,0.0156464,False,False,0.011463075433430163,3.940841706058447,-122.315475,47.606205,0.0
376,POINT (-122.31562766666667 47.6061999),0.2574223199590943,0.0156464,False,False,0.011463076550196375,3.9523047826086435,-122.31562766666667,47.6061999,0.0
377,POINT (-122.31578033333334 47.606194800000004),0.2582038671675825,0.0156464,False,False,0.01146307766519672,3.9637678602738404,-122.31578033333334,47.606194800000004,0.0
378,POINT (-122.315933 47.6061897),0.25946334995367654,0.0156464,False,False,0.0001,3.9638678602738406,-122.315933,47.6061897,0.0
379,POINT (-122.315933 47.6061897),0.2607830297652387,0.0156464,False,False,0.011074065009156673,3.974941925282997,-122.315933,47.6061897,0.0
380,POINT (-122.31608066666666 47.6061897),0.2620668799482589,0.0156464,False,False,0.011074065009156673,3.9860159902921537,-122.31608066666666,47.6061897,0.0
381,POINT (-122.31622833333334 47.6061897),0.26335460123982535,0.0156464,False,False,0.0110740650072485,3.997090055299402,-122.31622833333334,47.6061897,0.0
382,POINT (-122.316376 47.6061897),0.2647233671886389,0.0156464,True,False,0.0001,3.997190055299402,-122.316376,47.6061897,0.0
383,POINT (-122.316376 47.6061897),0.26605823515067367,0.0156464,False,False,0.010099147322129177,4.007289202621531,-122.316376,47.6061897,0.0
384,POINT (-122.31651066666667 47.6061897),0.26734197357818035,0.0156464,False,False,0.010099147320221007,4.017388349941752,-122.31651066666667,47.6061897,0.0
385,POINT (-122.31664533333333 47.6061897),0.26834003439594334,0.0156464,False,False,0.010099147322129177,4.0274874972638814,-122.31664533333333,47.6061897,0.0
386,POINT (-122.31678 47.6061897),0.2694404126858663,0.0156464,False,True,0.0001,4.027587497263881,-122.31678,47.6061897,0.0
387,POINT (-122.31678 47.6061897),0.27081671398669765,0.0156464,False,False,0.010307305126574016,4.037894802390455,-122.31678,47.6061897,0.0
388,POINT (-122.3169174 47.606192),0.272901883781096,0.0156464,False,False,0.010307304673610383,4.048202107064065,-122.3169174,47.606192,0.0
389,POINT (-122.3170548 47.6061943),0.27484520424440545,0.0156464,False,False,0.010307304220699415,4.058509411284764,-122.3170548,47.6061943,0.0
390,POINT (-122.3171922 47.606196600000004),0.27690869254443556,0.0156464,False,False,0.010307303767718188,4.068816715052483,-122.3171922,47.606196600000004,0.0
391,POINT (-122.3173296 47.6061989),0.2792826387987834,0.0156464,False,False,0.010307303314789627,4.079124018367272,-122.3173296,47.6061989,0.0
392,POINT (-122.317467 47.6062012),0.2821074519657597,0.0156464,False,False,0.0001,4.079224018367272,-122.317467,47.6062012,0.0
393,POINT (-122.317467 47.6062012),0.28495786148462626,0.0156464,False,False,0.012017732692917745,4.09124175106019,-122.317467,47.6062012,0.0
394,POINT (-122.31762724999999 47.6062012),0.28774439230609977,0.0156464,False,False,0.012017732691009576,4.1032594837511995,-122.31762724999999,47.6062012,0.0
395,POINT (-122.3177875 47.6062012),0.29047532913457075,0.0156464,False,False,0.012017732692917745,4.115277216444118,-122.3177875,47.6062012,0.0
396,POINT (-122.31794775 47.6062012),0.29342059511126983,0.0156464,False,False,0.012017732691009576,4.127294949135127,-122.31794775,47.6062012,0.0
397,POINT (-122.318108 47.6062012),0.29661996061596374,0.0156464,False,False,0.012298958884723215,4.13959390801985,-122.318108,47.6062012,0.0
398,POINT (-122.318272 47.6062012),0.3002148334352018,0.0156464,False,False,0.012298958886631385,4.151892866906482,-122.318272,47.6062012,0.0
399,POINT (-122.31843599999999 47.6062012),0.30321056958178644,0.0156464,False,False,0.012298958886631385,4.164191825793114,-122.31843599999999,47.6062012,0.0
400,POINT (-122.3186 47.6062012),0.30726749617570026,0.0156464,False,False,0.012298958884723215,4.176490784677837,-122.3186,47.6062012,0.0
401,POINT (-122.318764 47.6062012),0.3113471834053813,0.0156464,False,False,0.012299412699237143,4.188790197377074,-122.318764,47.6062012,0.0
402,POINT (-122.318928 47.60620215),0.3153455621323673,0.0156464,False,False,0.012299412473962955,4.201089609851037,-122.318928,47.60620215,0.0
403,POINT (-122.319092 47.6062031),0.31909917288115625,0.0156464,False,False,0.012299412252511042,4.213389022103548,-122.319092,47.6062031,0.0
404,POINT (-122.319256 47.60620405),0.32255907313918275,0.0156464,False,False,0.012299412027230769,4.225688434130778,-122.319256,47.60620405,0.0
405,POINT (-122.31942 47.606205),0.32572838245738733,0.0156464,False,False,0.012298957991225875,4.237987392122005,-122.31942,47.606205,0.0
406,POINT (-122.31958399999999 47.606205),0.3289077969353248,0.0156464,False,False,0.012298957993134048,4.250286350115139,-122.31958399999999,47.606205,0.0
407,POINT (-122.319748 47.606205),0.331949182897182,0.0156464,False,False,0.012298957993134048,4.262585308108273,-122.319748,47.606205,0.0
408,POINT (-122.319912 47.606205),0.33500311364660834,0.0156464,False,False,0.012298957991225875,4.274884266099499,-122.319912,47.606205,0.0
409,POINT (-122.320076 47.606205),0.33809001760771873,0.0156464,False,False,0.011505125284764587,4.2863893913842634,-122.320076,47.606205,0.0
410,POINT (-122.320229 47.6062126),0.3419205048389934,0.0156464,True,False,0.01009914290071298,4.296488534284976,-122.320229,47.6062126,-1.0
411,POINT (-122.32036366666667 47.6062126),0.34429601254052034,0.0156464,False,False,0.01009914290071298,4.306587677185689,-122.32036366666667,47.6062126,0.0
412,POINT (-122.32049833333333 47.6062126),0.346907039117703,0.0156464,False,False,0.01009914290071298,4.316686820086402,-122.32049833333333,47.6062126,0.0
413,POINT (-122.320633 47.6062126),0.3496108783997588,0.0156464,False,True,0.0001,4.316786820086402,-122.320633,47.6062126,0.0
414,POINT (-122.320633 47.6062126),0.35135931211529453,0.0156464,False,False,0.003974662674618006,4.32076148276102,-122.320633,47.6062126,0.0
415,POINT (-122.320686 47.6062126),0.3523112750286832,0.0156464,False,False,0.004652062649443171,4.325413545410463,-122.320686,47.6062126,0.0
416,POINT (-122.320747 47.606205),0.35274714443678157,0.0156464,False,False,0.004071655066285888,4.329485200476749,-122.320747,47.606205,0.0
417,POINT (-122.320801 47.6062012),0.35262928512324354,0.011176,False,False,0.0031236731318821293,4.332608873608631,-122.320801,47.6062012,0.0
418,POINT (-122.320839 47.6061897),0.35219242357374164,0.011176,False,False,0.003997075324188184,4.336605948932819,-122.320839,47.6061897,0.0
419,POINT (-122.320892 47.6061859),0.35140191508117624,0.011176,False,False,0.004573094787628082,4.341179043720447,-122.320892,47.6061859,0.0
420,POINT (-122.320946 47.6061668),0.3501072989510499,0.011176,False,False,0.00876595397905736,4.349944997699504,-122.320946,47.6061668,0.0
421,POINT (-122.321045 47.6061249),0.3482961877498324,0.011176,False,False,0.011730531262176764,4.361675528961681,-122.321045,47.6061249,0.0
422,POINT (-122.3211792 47.60607072),0.34742548354355696,0.011176,False,False,0.011730540205501943,4.373406069167182,-122.3211792,47.60607072,0.0
423,POINT (-122.3213134 47.60601654),0.3468167895337093,0.011176,False,False,0.011730549150822457,4.385136618318005,-122.3213134,47.60601654,0.0
424,POINT (-122.3214476 47.60596236),0.3458565816101225,0.011176,False,False,0.011730558093226953,4.396867176411232,-122.3214476,47.60596236,0.0
425,POINT (-122.32158179999999 47.60590818),0.34488545415562716,0.011176,False,False,0.011730567036536304,4.408597743447768,-122.32158179999999,47.60590818,0.0
426,POINT (-122.321716 47.605854),0.3440205837863317,0.011176,False,False,0.015260168803677367,4.423857912251445,-122.321716,47.605854,0.0
427,POINT (-122.321877 47.6057701),0.34289014091580705,0.0156464,False,True,0.011867574199952732,4.435725486451398,-122.321877,47.6057701,0.0
428,POINT (-122.322014 47.6057167),0.3414439782629488,0.011176,False,False,0.01090823909362763,4.446633725545025,-122.322014,47.6057167,0.0
429,POINT (-122.322136 47.6056633),0.33969133390413375,0.011176,False,False,0.009542070564904253,4.456175796109929,-122.322136,47.6056633,0.0
430,POINT (-122.32225 47.6056252),0.33763255512797835,0.011176,False,False,0.015467556575531732,4.471643352685461,-122.32225,47.6056252,0.0
431,POINT (-122.322426 47.6055527),0.335180276439463,0.011176,False,False,0.010064082240964615,4.481707434926426,-122.322426,47.6055527,0.0
432,POINT (-122.3225404 47.6055054),0.3326041355088604,0.011176,False,False,0.010064088853189247,4.491771523779615,-122.3225404,47.6055054,0.0
433,POINT (-122.3226548 47.6054581),0.33026956994828166,0.011176,False,False,0.010064095468294032,4.50183561924791,-122.3226548,47.6054581,0.0
434,POINT (-122.3227692 47.605410799999994),0.32813619632320884,0.011176,False,False,0.01006410208014208,4.511899721328052,-122.3227692,47.605410799999994,0.0
435,POINT (-122.3228836 47.605363499999996),0.32720649196384755,0.011176,False,False,0.010064108695240168,4.521963830023292,-122.3228836,47.605363499999996,0.0
436,POINT (-122.322998 47.6053162),0.3213220261082514,0.011176,False,False,0.012214619683216016,4.534178449706508,-122.322998,47.6053162,0.0
437,POINT (-122.32313525 47.605257075),0.3238642236669591,0.011176,False,False,0.012214629487688314,4.546393079194196,-122.32313525,47.605257075,0.0
438,POINT (-122.3232725 47.60519795),0.33361683281318394,0.011176,False,False,0.012214639291773638,4.55860771848597,-122.3232725,47.60519795,0.0
439,POINT (-122.32340975 47.605138825),0.34412461515128845,0.011176,False,False,0.012214649095852938,4.5708223675818225,-122.32340975,47.605138825,0.0
440,POINT (-122.323547 47.6050797),0.35159649693771494,0.011176,False,False,0.012342799929252222,4.5831651675110745,-122.323547,47.6050797,0.0
441,POINT (-122.32368625000001 47.60502055),0.35580940975731723,0.011176,False,False,0.012342809919720345,4.5955079774307945,-122.32368625000001,47.60502055,0.0
442,POINT (-122.3238255 47.60496139999999),0.3566650209226818,0.011176,False,False,0.012342819911902695,4.607850797342698,-122.3238255,47.60496139999999,0.0
443,POINT (-122.32396475 47.604902249999995),0.35419602415000456,0.011176,False,False,0.012342829903595772,4.620193627246294,-122.32396475,47.604902249999995,0.0
444,POINT (-122.324104 47.6048431),0.34804152524721454,0.011176,False,False,0.008277189235521586,4.628470816481816,-122.324104,47.6048431,0.0
445,POINT (-122.324158 47.604908),0.33914840591537443,0.011176,True,False,0.010563106240283112,4.639033922722098,-122.324158,47.604908,0.0
446,POINT (-122.324231375 47.6049890625),0.32627838476221105,0.011176,False,False,0.010563101797289507,4.649597024519387,-122.324231375,47.6049890625,0.0
447,POINT (-122.32430475 47.605070125),0.3239847624807653,0.011176,False,False,0.01056309735550309,4.66016012187489,-122.32430475,47.605070125,0.0
448,POINT (-122.324378125 47.6051511875),0.32494254094904196,0.011176,False,False,0.010563092913111997,4.670723214788002,-122.324378125,47.6051511875,0.0
449,POINT (-122.3244515 47.60523225),0.3250903004466245,0.011176,False,False,0.01056308847072018,4.681286303258722,-122.3244515,47.60523225,0.0
450,POINT (-122.324524875 47.6053133125),0.3242142979192852,0.011176,False,False,0.010563084028327643,4.69184938728705,-122.324524875,47.6053133125,0.0
451,POINT (-122.32459825 47.605394375),0.3233161299556571,0.011176,False,False,0.010563079585330428,4.702412466872381,-122.32459825,47.605394375,0.0
452,POINT (-122.324671625 47.6054754375),0.32209605105384603,0.011176,False,False,0.0105630751431503,4.712975542015531,-122.324671625,47.6054754375,0.0
453,POINT (-122.324745 47.6055565),0.3203891979297565,0.011176,False,True,0.011154583015074908,4.724130125030606,-122.324745,47.6055565,0.0
454,POINT (-122.3248716 47.60550386),0.31719382745347163,0.0156464,False,False,0.011154591147889999,4.735284716178496,-122.3248716,47.60550386,0.0
455,POINT (-122.3249982 47.60545122),0.3139331352749633,0.0156464,False,False,0.011154599279957733,4.746439315458454,-122.3249982,47.60545122,0.0
456,POINT (-122.3251248 47.60539858),0.3099480603624897,0.0156464,False,False,0.011154607412392296,4.757593922870846,-122.3251248,47.60539858,0.0
457,POINT (-122.3252514 47.60534594),0.3050735839986029,0.0156464,False,False,0.011154615544822293,4.768748538415669,-122.3252514,47.60534594,0.0
458,POINT (-122.325378 47.6052933),0.2992890659856913,0.0156464,False,False,0.0001,4.768848538415669,-122.325378,47.6052933,0.0
459,POINT (-122.325378 47.6052933),0.2940071988761569,0.0156464,False,False,0.015467628041455723,4.784316166457124,-122.325378,47.6052933,0.0
460,POINT (-122.325554 47.6052208),0.2889253238420114,0.0156464,True,False,0.01400208292911806,4.798318249386242,-122.325554,47.6052208,0.0
461,POINT (-122.3257105 47.605152149999995),0.28380670599948604,0.0156464,False,False,0.01400209583997765,4.81232034522622,-122.3257105,47.605152149999995,0.0
462,POINT (-122.325867 47.6050835),0.2785974313162428,0.011176,False,True,0.010914370031123779,4.823234715257343,-122.325867,47.6050835,0.0
463,POINT (-122.32598988888888 47.60503093333333),0.2731417810755737,0.0156464,False,False,0.010914377849908929,4.834149093107253,-122.32598988888888,47.60503093333333,0.0
464,POINT (-122.32611277777778 47.604978366666664),0.2673165866878487,0.0156464,False,False,0.010914385671912382,4.845063478779165,-122.32611277777778,47.604978366666664,0.0
465,POINT (-122.32623566666666 47.6049258),0.2621620088946296,0.0156464,False,False,0.010914393490309897,4.8559778722694755,-122.32623566666666,47.6049258,0.0
466,POINT (-122.32635855555556 47.60487323333333),0.25664347871366955,0.0156464,False,False,0.01091440131230476,4.86689227358178,-122.32635855555556,47.60487323333333,0.0
467,POINT (-122.32648144444444 47.60482066666667),0.24933527372489211,0.0156464,False,False,0.010914409131451764,4.877806682713232,-122.32648144444444,47.60482066666667,0.0
468,POINT (-122.32660433333334 47.6047681),0.2437353750019923,0.0156464,False,False,0.010914416951447695,4.88872109966468,-122.32660433333334,47.6047681,0.0
469,POINT (-122.32672722222222 47.604715533333334),0.24158730431759043,0.0156464,False,False,0.010914424773808717,4.899635524438489,-122.32672722222222,47.604715533333334,0.0
470,POINT (-122.32685011111111 47.604662966666666),0.23804112531755406,0.0156464,False,True,0.01091443259256379,4.910549957031053,-122.32685011111111,47.604662966666666,0.0
471,POINT (-122.326973 47.6046104),0.2356757082283363,0.0134112,False,False,0.010707346217834885,4.921257303248888,-122.326973,47.6046104,0.0
472,POINT (-122.32709422222221 47.60455954444444),0.23449961152332424,0.0156464,False,False,0.010707353721817709,4.931964656970706,-122.32709422222221,47.60455954444444,0.0
473,POINT (-122.32721544444443 47.604508688888885),0.23545313862264908,0.0156464,False,False,0.010707361227790488,4.942672018198497,-122.32721544444443,47.604508688888885,0.0
474,POINT (-122.32733666666667 47.604457833333335),0.23495539685229372,0.0156464,False,False,0.010707368730518812,4.953379386929016,-122.32733666666667,47.604457833333335,0.0
475,POINT (-122.32745788888889 47.60440697777778),0.23559270322572978,0.0156464,False,False,0.01070737623523709,4.964086763164253,-122.32745788888889,47.60440697777778,0.0
476,POINT (-122.3275791111111 47.60435612222222),0.2316258242591559,0.0156464,False,False,0.01070738373957753,4.974794146903831,-122.3275791111111,47.60435612222222,0.0
477,POINT (-122.32770033333333 47.604305266666664),0.22369973381415972,0.0156464,False,False,0.01070739124316634,4.985501538146997,-122.32770033333333,47.604305266666664,0.0
478,POINT (-122.32782155555556 47.604254411111114),0.21564574416367352,0.0156464,False,False,0.01070739874824627,4.996208936895243,-122.32782155555556,47.604254411111114,0.0
479,POINT (-122.32794277777778 47.60420355555556),0.2070498492901144,0.0156464,False,False,0.010707406252574575,5.006916343147818,-122.32794277777778,47.60420355555556,0.0
480,POINT (-122.328064 47.6041527),0.19498561821784188,0.011176,False,True,0.011321430749079826,5.018237773896898,-122.328064,47.6041527,0.0
481,POINT (-122.3281925 47.60409928333333),0.18437674554855965,0.0156464,False,False,0.011321439124561803,5.02955921302146,-122.3281925,47.60409928333333,0.0
482,POINT (-122.328321 47.60404586666667),0.17541664347615288,0.0156464,False,False,0.011321447502545053,5.040880660524005,-122.328321,47.60404586666667,0.0
483,POINT (-122.3284495 47.60399245),0.1691040358465592,0.0156464,False,False,0.011321455878017476,5.0522021164020225,-122.3284495,47.60399245,0.0
484,POINT (-122.328578 47.60393903333333),0.16313401929593047,0.0156464,False,False,0.01132146425436683,5.06352358065639,-122.328578,47.60393903333333,0.0
485,POINT (-122.3287065 47.603885616666666),0.1602630248525484,0.0156464,False,False,0.011321472633078406,5.074845053289468,-122.3287065,47.603885616666666,0.0
486,POINT (-122.328835 47.6038322),0.15561210127254768,0.0156464,True,False,0.010026542765047735,5.084871596054516,-122.328835,47.6038322,0.0
487,POINT (-122.32894666666667 47.60378263333333),0.15216120341552186,0.0156464,False,False,0.010026549394589948,5.094898145449106,-122.32894666666667,47.60378263333333,0.0
488,POINT (-122.32905833333334 47.60373306666667),0.14962307319552212,0.0156464,False,False,0.010026556021330133,5.104924701470436,-122.32905833333334,47.60373306666667,0.0
489,POINT (-122.32917 47.6036835),0.14690769423193606,0.0156464,False,True,0.0001,5.105024701470436,-122.32917,47.6036835,0.0
490,POINT (-122.32917 47.6036835),0.14376848593402872,0.0156464,False,False,0.011416451777049249,5.116441153247485,-122.32917,47.6036835,0.0
491,POINT (-122.3293 47.603630100000004),0.14001353964994576,0.0156464,False,False,0.01141646027686132,5.1278576135243465,-122.3293,47.603630100000004,0.0
492,POINT (-122.32943 47.6035767),0.13517834065399537,0.0156464,False,False,0.01658539073128364,5.14444300425563,-122.32943,47.6035767,0.0
493,POINT (-122.32962 47.6035004),0.1287426665512833,0.0156464,False,False,0.010904122664486789,5.155347126920117,-122.32962,47.6035004,0.0
494,POINT (-122.32975 47.6034565),0.12124514564211836,0.0156464,False,False,0.010904129979845753,5.166251256899963,-122.32975,47.6034565,0.0
495,POINT (-122.32988 47.6034126),0.11383617184156589,0.0156464,False,False,0.012575465861177103,5.17882672276114,-122.32988,47.6034126,0.0
496,POINT (-122.33002233333333 47.60335283333333),0.10759441624710339,0.0156464,False,False,0.012575476215225884,5.191402198976365,-122.33002233333333,47.60335283333333,0.0
497,POINT (-122.33016466666668 47.603293066666666),0.10291590486539835,0.0156464,False,False,0.012575486566028433,5.203977685542394,-122.33016466666668,47.603293066666666,0.0
498,POINT (-122.330307 47.6032333),0.09951686702630469,0.0156464,False,True,0.010153810663157766,5.214131496205551,-122.330307,47.6032333,0.0
499,POINT (-122.3304214 47.60318448),0.09664902240246334,0.0156464,False,False,0.01015381743088536,5.224285313636437,-122.3304214,47.60318448,0.0
500,POINT (-122.3305358 47.60313566),0.09436313193439058,0.0156464,False,False,0.010153824194627788,5.234439137831065,-122.3305358,47.60313566,0.0
501,POINT (-122.3306502 47.60308684),0.0920935935173836,0.0156464,False,False,0.010153830962348467,5.244592968793413,-122.3306502,47.60308684,0.0
502,POINT (-122.3307646 47.60303802),0.08890663965042944,0.0156464,False,False,0.01015383772608398,5.254746806519497,-122.3307646,47.60303802,0.0
503,POINT (-122.330879 47.6029892),0.08519147704864727,0.0156464,True,False,0.013287169686086288,5.268033976205584,-122.330879,47.6029892,0.0
504,POINT (-122.331029 47.602925633333335),0.0816139055621097,0.0156464,False,False,0.013287181259836911,5.28132115746542,-122.331029,47.602925633333335,0.0
505,POINT (-122.33117899999999 47.60286206666667),0.07862507929946448,0.0156464,False,False,0.013287192831964107,5.294608350297384,-122.33117899999999,47.60286206666667,0.0
506,POINT (-122.331329 47.6027985),0.07645166919059145,0.0067056,False,True,0.007370826957572502,5.301979177254957,-122.331329,47.6027985,0.0
507,POINT (-122.331413 47.6027641),0.07520810249524255,0.0156464,False,False,0.005837323555353172,5.3078165008103095,-122.331413,47.6027641,0.0
508,POINT (-122.331451 47.6028099),0.07496058749041097,0.011176,False,False,0.011031631993476215,5.318848132803786,-122.331451,47.6028099,0.0
509,POINT (-122.33152825 47.602894299999996),0.07544218702694216,0.011176,False,False,0.011031627084458139,5.329879759888244,-122.33152825,47.602894299999996,0.0
510,POINT (-122.3316055 47.602978699999994),0.0765209586937113,0.011176,False,False,0.011031622176041308,5.340911382064285,-122.3316055,47.602978699999994,0.0
511,POINT (-122.33168275 47.6030631),0.07752827647460392,0.011176,False,False,0.01103161726742158,5.3519429993317065,-122.33168275,47.6030631,0.0
512,POINT (-122.33176 47.6031475),0.07860044505157139,0.011176,False,False,0.01103161235739871,5.362974611689105,-122.33176,47.6031475,0.0
513,POINT (-122.33183725 47.6032319),0.07994639002304281,0.011176,False,False,0.011031607448377168,5.374006219137482,-122.33183725,47.6032319,0.0
514,POINT (-122.3319145 47.603316299999996),0.08045688634485659,0.011176,False,False,0.011031602539956872,5.385037821677439,-122.3319145,47.603316299999996,0.0
515,POINT (-122.33199175 47.6034007),0.08227197733347817,0.011176,False,False,0.011031597631333667,5.396069419308772,-122.33199175,47.6034007,0.0
516,POINT (-122.332069 47.6034851),0.08387848656216454,0.011176,False,True,0.019880159375611252,5.415949578684383,-122.332069,47.6034851,0.0
517,POINT (-122.332207 47.6036377),0.08591352003048658,0.011176,False,False,0.010360953031194194,5.426310531715577,-122.332207,47.6036377,0.0
518,POINT (-122.33227885714285 47.603717257142854),0.08910832027622066,0.011176,False,False,0.010360948770416354,5.436671480485994,-122.33227885714285,47.603717257142854,0.0
519,POINT (-122.33235071428571 47.603796814285715),0.09156806275338866,0.011176,False,False,0.010360944505235524,5.447032424991229,-122.33235071428571,47.603796814285715,0.0
520,POINT (-122.33242257142857 47.60387637142857),0.09346020520261425,0.011176,False,False,0.010360940243852026,5.457393365235081,-122.33242257142857,47.60387637142857,0.0
521,POINT (-122.33249442857144 47.60395592857143),0.09455248680203696,0.011176,False,False,0.010360935979274155,5.467754301214355,-122.33249442857144,47.60395592857143,0.0
522,POINT (-122.3325662857143 47.604035485714284),0.09519355331100812,0.011176,False,False,0.010360931717889302,5.478115232932244,-122.3325662857143,47.604035485714284,0.0
523,POINT (-122.33263814285715 47.604115042857146),0.09506298422646718,0.011176,False,False,0.01036092745391439,5.488476160386158,-122.33263814285715,47.604115042857146,0.0
524,POINT (-122.33271 47.6041946),0.09424315326752944,0.011176,False,True,0.010413849468503964,5.498890009854662,-122.33271,47.6041946,0.0
525,POINT (-122.3327828888889 47.60427428888889),0.09462004270753688,0.011176,False,False,0.010413845096889224,5.509303854951551,-122.3327828888889,47.60427428888889,0.0
526,POINT (-122.33285577777778 47.60435397777778),0.09450907092327865,0.011176,False,False,0.010413840725673197,5.519717695677224,-122.33285577777778,47.60435397777778,0.0
527,POINT (-122.33292866666667 47.604433666666665),0.09533947087001161,0.011176,False,False,0.010413836354456444,5.530131532031681,-122.33292866666667,47.604433666666665,0.0
528,POINT (-122.33300155555555 47.604513355555554),0.0971930791147942,0.011176,False,False,0.010413831983841196,5.5405453640155224,-122.33300155555555,47.604513355555554,0.0
529,POINT (-122.33307444444445 47.60459304444445),0.09832332223389839,0.011176,False,False,0.010413827612020761,5.550959191627543,-122.33307444444445,47.60459304444445,0.0
530,POINT (-122.33314733333333 47.60467273333334),0.09951197935873567,0.011176,False,False,0.010413823241803483,5.561373014869346,-122.33314733333333,47.60467273333334,0.0
531,POINT (-122.33322022222222 47.60475242222223),0.10072210892541733,0.011176,False,False,0.01041381886897994,5.571786833738326,-122.33322022222222,47.60475242222223,0.0
532,POINT (-122.3332931111111 47.604832111111115),0.10196337451356861,0.011176,False,False,0.010413814498361786,5.582200648236688,-122.3332931111111,47.604832111111115,0.0
533,POINT (-122.333366 47.6049118),0.10324540874063307,0.0156464,False,True,0.01541228704746816,5.597612935284156,-122.333366,47.6049118,0.0
534,POINT (-122.333473 47.6050301),0.1045764416781342,0.011176,True,False,0.011141798861831122,5.608754734145987,-122.333473,47.6050301,0.0
535,POINT (-122.33355157142857 47.60511511428572),0.10591468017862703,0.011176,False,False,0.011141793795882576,5.61989652794187,-122.33355157142857,47.60511511428572,0.0
536,POINT (-122.33363014285715 47.605200128571425),0.10726770444572145,0.011176,False,False,0.011141788730725417,5.631038316672595,-122.33363014285715,47.605200128571425,0.0
537,POINT (-122.33370871428572 47.60528514285714),0.10868608173290366,0.011176,False,False,0.01114178366597601,5.642180100338571,-122.33370871428572,47.60528514285714,0.0
538,POINT (-122.33378728571428 47.60537015714286),0.1099407160832335,0.011176,False,False,0.01114177860223484,5.6533218789408055,-122.33378728571428,47.60537015714286,0.0
539,POINT (-122.33386585714285 47.605455171428574),0.11104417383865353,0.011176,False,False,0.011141773535873896,5.664463652476679,-122.33386585714285,47.605455171428574,0.0
540,POINT (-122.33394442857143 47.60554018571428),0.11207762261593014,0.011176,False,False,0.011141768473331858,5.675605420950011,-122.33394442857143,47.60554018571428,0.0
541,POINT (-122.334023 47.6056252),0.11304484531429297,0.011176,False,True,0.0001,5.675705420950011,-122.334023,47.6056252,0.0
542,POINT (-122.334023 47.6056252),0.11395083134435587,0.011176,False,False,0.01037277631069185,5.686078197260702,-122.334023,47.6056252,0.0
543,POINT (-122.3340958888889 47.60570445555555),0.11480323316667498,0.011176,False,False,0.01037277194605166,5.6964509692067535,-122.3340958888889,47.60570445555555,0.0
544,POINT (-122.33416877777778 47.60578371111111),0.11572430174500828,0.011176,False,False,0.010372767583017636,5.706823736789771,-122.33416877777778,47.60578371111111,0.0
545,POINT (-122.33424166666667 47.60586296666666),0.11686387232355896,0.011176,False,False,0.010372763216769073,5.717196500006541,-122.33424166666667,47.60586296666666,0.0
546,POINT (-122.33431455555555 47.60594222222222),0.1181250768986063,0.011176,False,False,0.010372758852728006,5.727569258859268,-122.33431455555555,47.60594222222222,0.0
547,POINT (-122.33438744444445 47.60602147777778),0.11957764698019709,0.011176,False,False,0.010372754488084873,5.737942013347353,-122.33438744444445,47.60602147777778,0.0
548,POINT (-122.33446033333333 47.606100733333335),0.12080483996340204,0.011176,False,False,0.01037275012283968,5.7483147634701925,-122.33446033333333,47.606100733333335,0.0
549,POINT (-122.33453322222222 47.60617998888889),0.12183083467994849,0.011176,False,False,0.010372745758195079,5.758687509228388,-122.33453322222222,47.60617998888889,0.0
550,POINT (-122.3346061111111 47.606259244444445),0.12259536127832975,0.011176,False,True,0.010372741395156631,5.769060250623544,-122.3346061111111,47.606259244444445,0.0
551,POINT (-122.334679 47.6063385),0.12314530181884799,0.011176,False,False,0.01030741818470274,5.779367668808247,-122.334679,47.6063385,0.0
552,POINT (-122.33475022222221 47.606417755555555),0.12345611970630314,0.011176,False,False,0.010307413992945606,5.7896750828011925,-122.33475022222221,47.606417755555555,0.0
553,POINT (-122.33482144444444 47.60649701111111),0.12353595385073536,0.011176,False,False,0.010307409797837806,5.79998249259903,-122.33482144444444,47.60649701111111,0.0
554,POINT (-122.33489266666666 47.606576266666664),0.12353246616817051,0.011176,False,False,0.010307405604485445,5.810289898203515,-122.33489266666666,47.606576266666664,0.0
555,POINT (-122.33496388888888 47.60665552222222),0.12354663649694657,0.011176,False,False,0.010307401411353927,5.820597299614869,-122.33496388888888,47.60665552222222,0.0
556,POINT (-122.33503511111111 47.60673477777778),0.123564849729027,0.011176,False,False,0.010307397217616622,5.830904696832485,-122.33503511111111,47.60673477777778,0.0
557,POINT (-122.33510633333333 47.606814033333336),0.12369881476555704,0.011176,False,False,0.010307393022284755,5.84121208985477,-122.33510633333333,47.606814033333336,0.0
558,POINT (-122.33517755555555 47.60689328888889),0.12368031789428459,0.011176,False,False,0.010307388830523703,5.851519478685294,-122.33517755555555,47.60689328888889,0.0
559,POINT (-122.33524877777778 47.606972544444446),0.12364933526099176,0.011176,False,False,0.010307384635412052,5.861826863320706,-122.33524877777778,47.606972544444446,0.0
560,POINT (-122.33532 47.6070518),0.12361938691750583,0.011176,False,True,0.010333862545887387,5.8721607258665935,-122.33532,47.6070518,0.0
561,POINT (-122.33539288888889 47.607130644444446),0.1236469332110357,0.011176,False,False,0.01033385818714774,5.882494584053742,-122.33539288888889,47.607130644444446,0.0
562,POINT (-122.33546577777777 47.60720948888889),0.12289693347779777,0.011176,False,False,0.010333853828816202,5.8928284378825575,-122.33546577777777,47.60720948888889,0.0
563,POINT (-122.33553866666666 47.60728833333334),0.12386627188373592,0.011176,False,False,0.01033384947048392,5.903162287353042,-122.33553866666666,47.60728833333334,0.0
564,POINT (-122.33561155555556 47.60736717777778),0.12479302183564758,0.011176,False,False,0.010333845111550435,5.9134961324645925,-122.33561155555556,47.60736717777778,0.0
565,POINT (-122.33568444444444 47.60744602222222),0.12518364681786345,0.011176,False,False,0.010333840754225967,5.923829973218819,-122.33568444444444,47.60744602222222,0.0
566,POINT (-122.33575733333333 47.607524866666665),0.1258734661182327,0.011176,False,False,0.010333836395482616,5.934163809614302,-122.33575733333333,47.607524866666665,0.0
567,POINT (-122.33583022222223 47.60760371111111),0.1269275864821217,0.011176,False,False,0.010333832037147363,5.9444976416514494,-122.33583022222223,47.60760371111111,0.0
568,POINT (-122.33590311111111 47.607682555555556),0.1266936814279271,0.011176,False,False,0.010333827679820655,5.95483146933127,-122.33590311111111,47.607682555555556,0.0
569,POINT (-122.335976 47.6077614),0.12773469331825843,0.011176,False,True,0.011515256293883813,5.966346725625154,-122.335976,47.6077614,0.0
570,POINT (-122.336056 47.60784976666667),0.12811333783912246,0.011176,False,False,0.011515251013891479,5.977861976639046,-122.336056,47.60784976666667,0.0
571,POINT (-122.336136 47.607938133333334),0.12783164245320955,0.011176,False,False,0.011515245734288374,5.989377222373334,-122.336136,47.607938133333334,0.0
572,POINT (-122.33621600000001 47.6080265),0.12688007103980034,0.011176,False,False,0.011515240453086295,6.00089246282642,-122.33621600000001,47.6080265,0.0
573,POINT (-122.336296 47.60811486666667),0.12728288898601434,0.011176,False,False,0.011515235172097064,6.012407697998517,-122.336296,47.60811486666667,0.0
574,POINT (-122.336376 47.608203233333334),0.12668712813370742,0.011176,False,False,0.01151522989188721,6.023922927890404,-122.336376,47.608203233333334,0.0
575,POINT (-122.336456 47.6082916),0.12570257298040532,0.011176,True,False,0.0001,6.024022927890404,-122.336456,47.6082916,0.0
576,POINT (-122.336456 47.6082916),0.12514397503334912,0.011176,False,False,0.01013834638478805,6.034161274275192,-122.336456,47.6082916,0.0
577,POINT (-122.3365285 47.60836853333333),0.12472061230141554,0.011176,False,False,0.010138342096234492,6.044299616371426,-122.3365285,47.60836853333333,0.0
578,POINT (-122.336601 47.608445466666666),0.12381272167926098,0.011176,False,False,0.010138337807082967,6.05443795417851,-122.336601,47.608445466666666,0.0
579,POINT (-122.33667349999999 47.6085224),0.12465508339621836,0.011176,False,False,0.010138333519722294,6.064576287698232,-122.33667349999999,47.6085224,0.0
580,POINT (-122.33674599999999 47.60859933333334),0.1247942413828037,0.011176,False,False,0.010138329231592472,6.074714616929825,-122.33674599999999,47.60859933333334,0.0
581,POINT (-122.33681849999999 47.60867626666667),0.12489888292148149,0.011176,False,False,0.010138324942012635,6.084852941871837,-122.33681849999999,47.60867626666667,0.0
582,POINT (-122.336891 47.6087532),0.1249800678244285,0.011176,False,True,0.0001,6.084952941871837,-122.336891,47.6087532,0.0
583,POINT (-122.336891 47.6087532),0.12504562132508637,0.011176,False,False,0.010004358318477492,6.094957300190314,-122.336891,47.6087532,0.0
584,POINT (-122.33696023076922 47.608830084615384),0.12510708730204156,0.011176,False,False,0.010004354359321546,6.104961654549636,-122.33696023076922,47.608830084615384,0.0
585,POINT (-122.33702946153845 47.60890696923077),0.1251631262897059,0.011176,False,False,0.010004350398350544,6.114966004947987,-122.33702946153845,47.60890696923077,0.0
586,POINT (-122.33709869230769 47.608983853846155),0.12453721607981896,0.011176,False,False,0.010004346437983765,6.12497035138597,-122.33709869230769,47.608983853846155,0.0
587,POINT (-122.33716792307692 47.609060738461544),0.12460121674081975,0.011176,False,False,0.01000434247662623,6.134974693862596,-122.33716792307692,47.609060738461544,0.0
588,POINT (-122.33723715384615 47.609137623076926),0.12550294261656758,0.011176,False,False,0.010004338516643592,6.14497903237924,-122.33723715384615,47.609137623076926,0.0
589,POINT (-122.33730638461537 47.60921450769231),0.12738305420419868,0.011176,False,False,0.010004334557484661,6.154983366936724,-122.33730638461537,47.60921450769231,0.0
590,POINT (-122.33737561538462 47.609291392307696),0.12913132729341412,0.011176,False,False,0.010004330596510673,6.164987697533235,-122.33737561538462,47.609291392307696,0.0
591,POINT (-122.33744484615384 47.60936827692308),0.13008464475333864,0.011176,False,False,0.010004326635536086,6.174992024168771,-122.33744484615384,47.60936827692308,0.0
592,POINT (-122.33751407692307 47.60944516153846),0.13065007163094508,0.011176,False,False,0.010004322676375367,6.184996346845146,-122.33751407692307,47.60944516153846,0.0
593,POINT (-122.3375833076923 47.60952204615385),0.13061361607193703,0.011176,False,False,0.010004318714794765,6.195000665559941,-122.3375833076923,47.60952204615385,0.0
594,POINT (-122.33765253846154 47.60959893076923),0.13051232887036907,0.011176,False,False,0.010004314755632852,6.205004980315573,-122.33765253846154,47.60959893076923,0.0
595,POINT (-122.33772176923077 47.60967581538462),0.12961942883471544,0.011176,False,True,0.010004310793060918,6.215009291108634,-122.33772176923077,47.60967581538462,0.0
596,POINT (-122.337791 47.6097527),0.12726709903814884,0.011176,False,False,0.0001,6.215109291108634,-122.337791,47.6097527,0.0
597,POINT (-122.337791 47.6097527),0.12685823702867804,0.011176,False,False,0.011064866842398347,6.226174157951032,-122.337791,47.6097527,0.0
598,POINT (-122.33786822222221 47.60983746666667),0.1283565401197317,0.011176,False,False,0.011064861929902687,6.237239019880935,-122.33786822222221,47.60983746666667,0.0
599,POINT (-122.33794544444444 47.609922233333336),0.12951406611373692,0.011176,False,False,0.011064857018612002,6.248303876899547,-122.33794544444444,47.609922233333336,0.0
600,POINT (-122.33802266666666 47.610007),0.13138387704062335,0.011176,False,False,0.011064852106114636,6.259368729005661,-122.33802266666666,47.610007,0.0
601,POINT (-122.33809988888889 47.61009176666667),0.13322209814823072,0.011176,False,False,0.011064847194219333,6.27043357619988,-122.33809988888889,47.61009176666667,0.0
602,POINT (-122.33817711111111 47.61017653333333),0.13470162841156683,0.011176,False,False,0.011064842282323175,6.281498418482204,-122.33817711111111,47.61017653333333,0.0
603,POINT (-122.33825433333334 47.6102613),0.1355849786505003,0.011176,False,False,0.011064837371029078,6.292563255853232,-122.33825433333334,47.6102613,0.0
604,POINT (-122.33833155555556 47.610346066666665),0.13622589052640513,0.011176,False,False,0.011064832458528304,6.30362808831176,-122.33833155555556,47.610346066666665,0.0
605,POINT (-122.33840877777779 47.61043083333333),0.1359586073513079,0.011176,False,False,0.011064827546629588,6.31469291585839,-122.33840877777779,47.61043083333333,0.0
606,POINT (-122.338486 47.6105156),0.13489776671794224,0.011176,False,False,0.010126290945642503,6.324819206804032,-122.338486,47.6105156,0.0
607,POINT (-122.33855966666667 47.6105919),0.13478418676558637,0.011176,False,False,0.010126286548023115,6.3349454933520555,-122.33855966666667,47.6105919,0.0
608,POINT (-122.33863333333333 47.6106682),0.1348608288353696,0.011176,False,True,0.01012628215218187,6.345071775504238,-122.33863333333333,47.6106682,0.0
609,POINT (-122.338707 47.6107445),0.1351643289775004,0.011176,False,False,0.012651530975262124,6.3577233064795,-122.338707,47.6107445,0.0
610,POINT (-122.3387945 47.610841750000006),0.1357313232421875,0.011176,False,False,0.012651524646946322,6.370374831126446,-122.3387945,47.610841750000006,0.0
611,POINT (-122.338882 47.610939),0.13659844767963963,0.011176,False,False,0.0001,6.370474831126446,-122.338882,47.610939,0.0
